Item_Identifier,Item_Weight,Item_Fat_Content,Item_Visibility,Item_Type,Item_MRP,Outlet_Type,Item_Outlet_Sales
DRF23,9,Low Fat,0.205294827,Hard Drinks,172.8396,Grocery Store,174.4396
FDY24,15,Regular,0.223440258,Baking Goods,52.2298,Grocery Store,161.7894
FDY07,8,Low Fat,0,Fruits and Vegetables,46.5402,Grocery Store,229.701
NCK06,8,Low Fat,0.014472516,Household,122.0756,Grocery Store,121.1756
FDP03,11,Regular,0.10239789,Meat,122.1388,Grocery Store,495.3552
FDS45,6,Regular,0.04937018,Snack Foods,106.7622,Grocery Store,211.7244
NCN53,15,Low Fat,0.050808821,Health and Hygiene,33.6874,Grocery Store,70.5748
FDY39,12,Regular,0.07871639,Meat,183.5608,Grocery Store,551.2824
FDW38,10,Regular,0.23212188,Dairy,55.5298,Grocery Store,53.9298
FDG33,8,Regular,0.234733477,Seafood,173.4764,Grocery Store,171.7764
FDC60,15,Regular,0.191603334,Baking Goods,87.0514,Grocery Store,88.5514
FDO16,13,Low Fat,0.02528802,Frozen Foods,83.325,Grocery Store,416.125
NCU53,12,Low Fat,0.071557769,Health and Hygiene,165.7842,Grocery Store,165.7842
FDI21,7,Regular,0.094741514,Snack Foods,63.1168,Grocery Store,191.7504
NCK29,12,Low Fat,0.210511558,Health and Hygiene,121.373,Grocery Store,123.173
FDV24,14,Low Fat,0.172856719,Baking Goods,148.205,Grocery Store,449.415
FDX43,10,LF,0.142732848,Fruits and Vegetables,167.95,Grocery Store,166.45
FDK28,15,Low Fat,0.109784056,Frozen Foods,256.0646,Grocery Store,1288.323
DRC25,6,Low Fat,0.075943184,Soft Drinks,85.5882,Grocery Store,171.7764
FDL58,8,Regular,0.124110349,Snack Foods,262.3568,Grocery Store,790.9704
FDS56,13,Regular,0.064871045,Fruits and Vegetables,262.1252,Grocery Store,786.9756
FDQ31,11,Regular,0.0901292,Fruits and Vegetables,89.8856,Grocery Store,175.7712
NCJ30,9,Low Fat,0.134975628,Household,170.579,Grocery Store,509.337
NCE06,13,LF,0.153127523,Household,162.4894,Grocery Store,323.5788
FDE51,13,Regular,0.161466534,Dairy,45.5086,Grocery Store,178.4344
FDT11,8,Regular,0.049163321,Breads,186.4556,Grocery Store,563.2668
NCS30,6,Low Fat,0.155706798,Household,127.9652,Grocery Store,645.826
FDD46,6,Low Fat,0.236433601,Snack Foods,155.5998,Grocery Store,153.7998
DRB13,12,Regular,0.01179078,Soft Drinks,189.053,Grocery Store,948.765
DRD25,11,Low Fat,0.132183029,Soft Drinks,115.086,Grocery Store,452.744
DRJ01,9,Low Fat,0.192540665,Soft Drinks,160.2236,Grocery Store,322.2472
FDW51,10,Regular,0.158441218,Meat,213.756,Grocery Store,852.224
FDT12,7,Regular,0.083056555,Baking Goods,224.4062,Grocery Store,225.7062
NCF06,15,Low Fat,0.033807904,Household,258.9962,Grocery Store,258.9962
FDT39,10,reg,0.016516867,Meat,151.1366,Grocery Store,453.4098
NCV42,11,Low Fat,0.052593952,Household,111.0228,Grocery Store,221.0456
FDO25,12,Low Fat,0.21332355,Canned,208.527,Grocery Store,419.454
FDA39,8,Low Fat,0.021287234,Meat,38.5822,Grocery Store,78.5644
DRG11,15,Low Fat,0.14032811,Hard Drinks,109.1596,Grocery Store,107.8596
FDQ04,9,Low Fat,0.141860161,Frozen Foods,41.0796,Grocery Store,41.2796
FDM39,10,LF,0.089498926,Dairy,178.1002,Grocery Store,358.2004
FDM13,5,Low Fat,0.105742544,Breakfast,130.5626,Grocery Store,131.1626
FDU35,5,Low Fat,0.132590283,Breads,98.17,Grocery Store,199.74
FDX23,11,Low Fat,0.049697923,Baking Goods,95.0436,Grocery Store,94.5436
FDS13,7,Low Fat,0.208397715,Canned,265.2884,Grocery Store,264.9884
NCZ30,11,Low Fat,0.043828293,Household,121.4098,Grocery Store,241.0196
FDQ56,14,Low Fat,0.176748258,Fruits and Vegetables,82.7908,Grocery Store,83.8908
FDU58,9,Regular,0.04855968,Snack Foods,188.4898,Grocery Store,187.0898
FDB28,14,Low Fat,0.156307983,Dairy,196.3426,Grocery Store,790.9704
FDG10,7,Regular,0.018310142,Snack Foods,57.7588,Grocery Store,57.2588
FDZ59,8,reg,0.174110803,Baking Goods,166.85,Grocery Store,499.35
NCJ43,10,Low Fat,0.045308629,Household,173.1396,Grocery Store,348.8792
FDL52,15,reg,0.077145553,Frozen Foods,39.8506,Grocery Store,75.9012
FDK38,11,Low Fat,0.089196394,Canned,147.0734,Grocery Store,296.9468
FDE10,5,Regular,0.150554711,Snack Foods,130.0626,Grocery Store,131.1626
FDR36,6,Regular,0.203510667,Baking Goods,41.0454,Grocery Store,251.6724
FDW24,6,Low Fat,0.062762374,Baking Goods,50.4034,Grocery Store,48.6034
FDF26,5,Regular,0.078057026,Canned,154.5998,Grocery Store,153.7998
NCM05,7,Low Fat,0.100171568,Health and Hygiene,262.7226,Grocery Store,264.3226
FDJ41,11,Low Fat,0.03830192,Frozen Foods,261.2594,Grocery Store,1046.6376
NCH42,10,Low Fat,0.061155983,Household,228.401,Grocery Store,229.701
FDF22,5,Low Fat,0.09512291,Snack Foods,212.3218,Grocery Store,427.4436
FDZ02,12,Regular,0.063850971,Dairy,97.2726,Grocery Store,195.7452
NCA42,15,Low Fat,0.047784475,Household,158.8604,Grocery Store,316.9208
FDK56,7,Low Fat,0,Fruits and Vegetables,186.7898,Grocery Store,561.2694
FDP15,12,Low Fat,0,Meat,256.033,Grocery Store,1281.665
NCP17,14,Low Fat,0,Health and Hygiene,65.3168,Grocery Store,191.7504
FDT13,14,Low Fat,0,Canned,187.7214,Grocery Store,188.4214
NCX41,9,Low Fat,0,Health and Hygiene,211.0244,Grocery Store,1482.0708
FDX21,10,Low Fat,0.1422157,Snack Foods,108.7912,Grocery Store,109.1912
FDE35,7,Regular,0.073480266,Starchy Foods,58.8904,Grocery Store,58.5904
FDR04,12,Low Fat,0.03777249,Frozen Foods,98.0068,Grocery Store,291.6204
FDH27,10,Low Fat,0.097660814,Dairy,141.8128,Grocery Store,143.8128
NCP02,14,Low Fat,0.075000682,Household,61.0562,Grocery Store,296.281
FDQ47,13,Regular,0.281509514,Breads,33.8874,Grocery Store,35.2874
FDI60,8,Regular,0.064141866,Baking Goods,61.251,Grocery Store,126.502
FDL33,13,Low Fat,0.167316771,Snack Foods,197.5452,Grocery Store,195.7452
FDJ07,10,Low Fat,0.02414202,Meat,117.415,Grocery Store,466.06
NCY18,11,Low Fat,0.052141447,Household,174.9054,Grocery Store,525.3162
FDF16,7,Low Fat,0.144167934,Frozen Foods,146.3076,Grocery Store,886.8456
FDI56,6,Low Fat,0.156307983,Fruits and Vegetables,92.2146,Grocery Store,91.2146
FDQ19,6,reg,0.024044279,Fruits and Vegetables,241.0512,Grocery Store,242.3512
FDK04,5,Low Fat,0.087559621,Frozen Foods,55.2588,Grocery Store,229.0352
FDG50,6,Low Fat,0.02556185,Canned,89.7146,Grocery Store,182.4292
FDJ57,14,Regular,0.036109859,Seafood,186.5582,Grocery Store,185.7582
FDC35,8,Low Fat,0.205605116,Starchy Foods,207.7638,Grocery Store,621.1914
NCM06,11,Low Fat,0.126752975,Household,154.2656,Grocery Store,308.9312
FDD17,6,Low Fat,0.054610829,Frozen Foods,237.1906,Grocery Store,237.6906
NCL53,10,LF,0.060649825,Health and Hygiene,177.4028,Grocery Store,354.2056
FDA19,5,Low Fat,0.092272132,Fruits and Vegetables,128.7994,Grocery Store,128.4994
FDA07,9,Regular,0.051794958,Fruits and Vegetables,122.6072,Grocery Store,122.5072
FDB27,6,Low Fat,0.092711708,Dairy,197.7768,Grocery Store,197.0768
FDD47,14,Regular,0.238366442,Starchy Foods,171.8448,Grocery Store,852.224
FDY32,5,Low Fat,0.216323008,Fruits and Vegetables,165.021,Grocery Store,815.605
FDU33,5,Regular,0.225476528,Snack Foods,45.1402,Grocery Store,45.9402
FDS37,14,Low Fat,0.05346916,Canned,114.1492,Grocery Store,115.8492
NCE31,6,Low Fat,0.309390255,Household,33.2216,Grocery Store,138.4864
FDW56,5,Low Fat,0.118672537,Fruits and Vegetables,192.2162,Grocery Store,384.8324
NCJ17,7,Low Fat,0.255348289,Health and Hygiene,84.4224,Grocery Store,170.4448
FDN08,8,Regular,0.147904328,Fruits and Vegetables,116.6466,Grocery Store,117.8466
NCQ30,8,LF,0.048661041,Household,123.7414,Grocery Store,121.8414
DRG49,5,Low Fat,0.112906337,Soft Drinks,243.5486,Grocery Store,488.6972
FDS03,8,Low Fat,0.133281968,Meat,63.2826,Grocery Store,129.1652
FDV04,14,Regular,0.251094747,Frozen Foods,156.6288,Grocery Store,628.5152
FDK21,6,Low Fat,0.016758569,Snack Foods,250.4408,Grocery Store,500.6816
FDF33,11,Low Fat,0.036045991,Seafood,107.5596,Grocery Store,431.4384
DRI01,11,Low Fat,0.057667173,Soft Drinks,172.1422,Grocery Store,517.3266
FDQ45,9,Regular,0,Snack Foods,182.3608,Grocery Store,1102.5648
FDR44,7,Regular,0,Fruits and Vegetables,131.2968,Grocery Store,260.9936
FDO11,6,Regular,0.050657232,Breads,249.9092,Grocery Store,249.0092
DRN35,6,Low Fat,0.117580062,Hard Drinks,36.6532,Grocery Store,71.9064
NCC31,11,LF,0.033259081,Household,154.2972,Grocery Store,1090.5804
FDB22,13,Low Fat,0.186528819,Snack Foods,151.9998,Grocery Store,307.5996
FDO37,8,Low Fat,0.035780177,Breakfast,230.2326,Grocery Store,693.0978
FDG45,7,Low Fat,0.214306131,Fruits and Vegetables,213.9902,Grocery Store,424.7804
FDL14,15,reg,0.05382735,Canned,155.2972,Grocery Store,311.5944
FDP27,12,Low Fat,0.199935881,Meat,188.453,Grocery Store,379.506
NCE07,8,Low Fat,0.02197698,Household,140.6154,Grocery Store,425.4462
FDZ44,10,Low Fat,0.064824502,Fruits and Vegetables,116.0808,Grocery Store,234.3616
DRI11,10,Low Fat,0.057585723,Hard Drinks,113.7834,Grocery Store,115.1834
NCV53,10,Low Fat,0.031490111,Health and Hygiene,239.088,Grocery Store,719.064
FDU57,8,Regular,0.149895348,Snack Foods,152.0708,Grocery Store,451.4124
DRA59,14,Regular,0.214125129,Soft Drinks,183.9924,Grocery Store,185.0924
FDB49,12,Regular,0.05046718,Baking Goods,97.6384,Grocery Store,197.0768
FDW12,9,Regular,0.059540542,Baking Goods,143.6444,Grocery Store,145.1444
DRK35,13,Low Fat,0.120256303,Hard Drinks,39.2506,Grocery Store,75.9012
NCN06,6,Low Fat,0.20168772,Household,162.8868,Grocery Store,327.5736
NCP29,8,Low Fat,0.187918654,Health and Hygiene,65.4168,Grocery Store,127.8336
FDW13,10,low fat,0.163838951,Canned,51.3324,Grocery Store,311.5944
DRL60,13,LF,0.045291822,Soft Drinks,153.5682,Grocery Store,457.4046
NCI29,12,Low Fat,0.054601779,Health and Hygiene,141.1154,Grocery Store,425.4462
FDY47,6,Regular,0.091195818,Breads,130.231,Grocery Store,129.831
FDQ25,7,Regular,0.047329385,Canned,174.1422,Grocery Store,517.3266
FDG46,13,Regular,0.055084019,Snack Foods,114.7518,Grocery Store,455.4072
FDC53,5,Low Fat,0.01478914,Frozen Foods,97.7384,Grocery Store,98.5384
FDD26,10,Regular,0.120773451,Canned,186.5924,Grocery Store,555.2772
FDR49,11,Low Fat,0.233039817,Canned,49.5376,Grocery Store,95.8752
FDE09,10,Low Fat,0.036159635,Fruits and Vegetables,110.7228,Grocery Store,331.5684
NCD43,12,Low Fat,0.026814124,Household,103.7964,Grocery Store,210.3928
NCU54,7,Low Fat,0.165073642,Household,207.727,Grocery Store,209.727
FDS52,8,Low Fat,0.009163216,Frozen Foods,101.7016,Grocery Store,101.2016
FDE16,10,Low Fat,0.044093978,Frozen Foods,208.3954,Grocery Store,1041.977
FDN01,13,Low Fat,0.121180705,Breakfast,177.037,Grocery Store,176.437
DRK59,5,low fat,0.126287542,Hard Drinks,235.5616,Grocery Store,468.7232
NCD19,11,Low Fat,0.022059594,Household,56.0614,Grocery Store,276.307
FDY02,9,Regular,0.146701312,Dairy,262.291,Grocery Store,1314.955
FDZ01,5,Regular,0.01516265,Canned,101.899,Grocery Store,103.199
FDG38,15,Regular,0.088257771,Canned,84.1224,Grocery Store,170.4448
FDT58,5,Low Fat,0.143870574,Snack Foods,169.4816,Grocery Store,503.3448
NCT30,6,Low Fat,0.134393836,Household,48.0718,Grocery Store,47.2718
FDV11,11,Regular,0.136695145,Breads,173.4054,Grocery Store,875.527
FDS12,15,Low Fat,0.291438755,Baking Goods,126.8362,Grocery Store,125.8362
NCR42,12,Low Fat,0.064410783,Household,33.39,Grocery Store,33.29
FDZ12,5,Low Fat,0.172365428,Baking Goods,144.847,Grocery Store,572.588
NCX54,6,low fat,0.080442371,Household,107.7622,Grocery Store,105.8622
FDV48,15,Regular,0.086396038,Baking Goods,79.0644,Grocery Store,157.1288
FDS15,15,Regular,0.130657442,Meat,106.4596,Grocery Store,215.7192
FDE34,10,Low Fat,0.180588082,Snack Foods,182.2634,Grocery Store,363.5268
FDK08,7,Regular,0.204713036,Fruits and Vegetables,101.0016,Grocery Store,202.4032
FDQ14,13,Low Fat,0.103419257,Dairy,148.105,Grocery Store,149.805
FDF34,9,Regular,0.02346559,Snack Foods,197.6084,Grocery Store,595.2252
FDA15,12,Low Fat,0.026818196,Dairy,248.9092,Grocery Store,498.0184
FDB60,11,low fat,0.04774013,Baking Goods,195.0136,Grocery Store,194.4136
DRM47,5,Low Fat,0.073288275,Hard Drinks,189.1846,Grocery Store,382.1692
NCH18,12,Low Fat,0.074753743,Household,246.4802,Grocery Store,982.7208
FDF52,10,Low Fat,0.11178154,Frozen Foods,182.3292,Grocery Store,182.4292
FDE26,5,Low Fat,0.14897741,Canned,143.0786,Grocery Store,288.9572
FDT34,10,LF,0.291826616,Snack Foods,107.1964,Grocery Store,420.7856
FDZ04,11,Low Fat,0.063529046,Frozen Foods,63.751,Grocery Store,126.502
FDY08,7,Regular,0.286344848,Fruits and Vegetables,139.1838,Grocery Store,280.9676
FDX51,5,Regular,0.036921781,Meat,194.2452,Grocery Store,782.9808
FDW44,13,Regular,0.058835928,Fruits and Vegetables,170.2448,Grocery Store,170.4448
DRJ11,6,Low Fat,0.142425145,Hard Drinks,189.9872,Grocery Store,756.3488
FDE28,12,Regular,0.221856492,Frozen Foods,231.8668,Grocery Store,230.3668
NCK18,5,Low Fat,0.011211251,Household,166.9184,Grocery Store,660.4736
NCZ53,7,Low Fat,0.040969757,Health and Hygiene,188.7214,Grocery Store,376.8428
NCO14,10,Low Fat,0.049617765,Household,44.2086,Grocery Store,44.6086
FDK46,15,Low Fat,0.086145867,Snack Foods,258.362,Grocery Store,259.662
DRN37,6,Low Fat,0.161182103,Soft Drinks,165.3158,Grocery Store,334.2316
FDE22,13,Low Fat,0.049498821,Snack Foods,158.792,Grocery Store,319.584
NCL29,13,Low Fat,0.190711254,Health and Hygiene,159.1604,Grocery Store,633.8416
DRD37,14,LF,0.02316823,Soft Drinks,47.506,Grocery Store,186.424
FDN03,8,Regular,0.025257508,Meat,248.5408,Grocery Store,751.0224
FDK22,10,Low Fat,0.043663452,Snack Foods,217.185,Grocery Store,432.77
FDH56,12,Regular,0.106816919,Fruits and Vegetables,114.2492,Grocery Store,463.3968
NCK19,10,Low Fat,0.151420934,Others,194.3478,Grocery Store,387.4956
FDV31,7,Low Fat,0.178622919,Fruits and Vegetables,177.937,Grocery Store,176.437
FDY12,13,Regular,0.235354055,Baking Goods,50.8008,Grocery Store,101.2016
FDZ08,12,Regular,0,Fruits and Vegetables,80.8592,Grocery Store,82.5592
FDZ33,5,Low Fat,0,Snack Foods,147.2076,Grocery Store,739.038
FDG53,10,Low Fat,0.076755106,Frozen Foods,141.618,Grocery Store,139.818
NCX29,5,Low Fat,0.149223055,Health and Hygiene,145.8102,Grocery Store,874.8612
DRK12,15,Low Fat,0,Soft Drinks,32.89,Grocery Store,33.29
FDK40,6,Low Fat,0,Frozen Foods,263.291,Grocery Store,525.982
FDX01,7,Low Fat,0.040446145,Canned,118.115,Grocery Store,116.515
NCV05,14,Low Fat,0.050562853,Health and Hygiene,153.3656,Grocery Store,463.3968
FDP38,11,Low Fat,0.053732324,Canned,49.8008,Grocery Store,303.6048
FDM08,14,Regular,0.089688978,Fruits and Vegetables,225.5088,Grocery Store,1342.2528
NCA18,5,Low Fat,0.093862362,Household,115.9492,Grocery Store,231.6984
DRE01,13,Low Fat,0.279783532,Soft Drinks,241.8512,Grocery Store,484.7024
FDO56,13,Regular,0.075291577,Fruits and Vegetables,119.1808,Grocery Store,351.5424
DRO47,10,Low Fat,0.187841082,Hard Drinks,112.486,Grocery Store,113.186
FDC26,15,Low Fat,0.211539389,Canned,110.9886,Grocery Store,111.1886
FDS04,9,Regular,0.245483691,Frozen Foods,141.8838,Grocery Store,280.9676
FDU46,9,Regular,0.018623146,Snack Foods,87.854,Grocery Store,259.662
FDF21,10,Regular,0.098464979,Fruits and Vegetables,188.653,Grocery Store,189.753
NCQ17,15,Low Fat,0.195721125,Health and Hygiene,156.463,Grocery Store,312.926
FDH21,14,LF,0.05226427,Seafood,158.4604,Grocery Store,158.4604
FDB58,13,Regular,0.022590318,Snack Foods,140.6154,Grocery Store,283.6308
FDY60,9,Regular,0.044139551,Baking Goods,143.9128,Grocery Store,143.8128
NCA29,5,LF,0.045655118,Household,169.8106,Grocery Store,171.1106
FDX38,10,Regular,0.080688663,Dairy,46.7376,Grocery Store,47.9376
DRD15,9,Low Fat,0.095064731,Dairy,232.4642,Grocery Store,697.0926
FDV34,8,Regular,0.019123874,Snack Foods,73.0038,Grocery Store,147.8076
FDM25,13,Regular,0.10154201,Breakfast,173.7712,Grocery Store,175.7712
FDG58,13,Regular,0.145253944,Snack Foods,156.8972,Grocery Store,467.3916
DRH59,11,LF,0.097805615,Hard Drinks,73.938,Grocery Store,73.238
FDU38,12,Low Fat,0.138171603,Dairy,191.4504,Grocery Store,575.2512
FDK15,8,Low Fat,0.164724567,Meat,98.4042,Grocery Store,99.2042
NCN26,8,LF,0.048004263,Household,117.5808,Grocery Store,351.5424
FDE53,14,Low Fat,0.044991876,Frozen Foods,107.228,Grocery Store,426.112
FDE05,12,Regular,0.05432142,Frozen Foods,146.2102,Grocery Store,437.4306
FDH57,6,Low Fat,0.059834024,Fruits and Vegetables,133.5284,Grocery Store,263.6568
FDA43,11,Low Fat,0.108253944,Fruits and Vegetables,194.8794,Grocery Store,585.2382
FDB15,9,Low Fat,0.228993134,Dairy,263.4568,Grocery Store,527.3136
FDY21,15,Low Fat,0,Snack Foods,197.211,Grocery Store,196.411
FDE17,6,Regular,0,Frozen Foods,152.2366,Grocery Store,151.1366
FDQ40,12,Regular,0.060302689,Frozen Foods,175.8712,Grocery Store,175.7712
FDO08,14,Regular,0.090008963,Fruits and Vegetables,164.0526,Grocery Store,164.4526
FDO24,7,Low Fat,0.294948897,Baking Goods,159.0604,Grocery Store,792.302
FDM09,7,Regular,0.143831787,Snack Foods,169.979,Grocery Store,169.779
FDZ51,11,Regular,0.091310237,Meat,96.9094,Grocery Store,190.4188
FDJ48,9,Low Fat,0.094460314,Baking Goods,245.3118,Grocery Store,247.0118
FDT46,6,Low Fat,0.051564827,Snack Foods,49.0008,Grocery Store,101.2016
NCQ05,12,Low Fat,0.03616416,Health and Hygiene,150.1708,Grocery Store,300.9416
NCM29,10,Low Fat,0.029529474,Health and Hygiene,132.6626,Grocery Store,262.3252
FDG34,14,Regular,0.062885197,Snack Foods,106.7254,Grocery Store,542.627
FDV21,10,Low Fat,0.286357776,Snack Foods,123.9704,Grocery Store,375.5112
FDP19,14,LF,0.290430317,Fruits and Vegetables,130.6652,Grocery Store,258.3304
NCK53,14,Low Fat,0.062903297,Health and Hygiene,100.4042,Grocery Store,595.2252
DRA12,9,Low Fat,0.068535039,Soft Drinks,143.0154,Grocery Store,283.6308
FDH40,14,Regular,0.132111921,Frozen Foods,82.2276,Grocery Store,243.6828
FDZ26,12,Regular,0.241055611,Dairy,238.5222,Grocery Store,717.0666
FDT51,9,Regular,0.018275816,Meat,110.8544,Grocery Store,111.8544
DRJ59,13,Low Fat,0.03242518,Hard Drinks,38.8164,Grocery Store,77.2328
FDR48,8,Low Fat,0.220111117,Baking Goods,153.0024,Grocery Store,455.4072
NCV29,10,Low Fat,0.038235337,Health and Hygiene,177.5686,Grocery Store,711.0744
NCU05,7,Low Fat,0.098312421,Health and Hygiene,81.4618,Grocery Store,161.1236
FDW26,6,Regular,0.179191782,Dairy,224.2772,Grocery Store,667.1316
DRJ24,,Low Fat,0.189689886,Soft Drinks,184.3924,Grocery Store,370.1848
DRE27,13,Low Fat,0.222063351,Dairy,99.6726,Grocery Store,195.7452
FDM51,10,Regular,0,Meat,102.4674,Grocery Store,203.7348
DRL35,13,Low Fat,0,Hard Drinks,43.377,Grocery Store,129.831
FDT04,7,Low Fat,0,Frozen Foods,37.5822,Grocery Store,196.411
FDU32,9,Low Fat,0,Fruits and Vegetables,123.0414,Grocery Store,121.8414
FDF58,10,LF,0,Snack Foods,62.151,Grocery Store,63.251
NCK05,13,Low Fat,0,Health and Hygiene,61.3536,Grocery Store,183.7608
DRG51,8,Low Fat,0.019314961,Dairy,164.6526,Grocery Store,657.8104
NCD31,13,Low Fat,0.025834128,Household,165.1526,Grocery Store,164.4526
DRN47,12,Low Fat,0.028164527,Hard Drinks,178.166,Grocery Store,539.298
FDV09,5,Low Fat,0.034427577,Snack Foods,146.6734,Grocery Store,296.9468
NCN43,6,Low Fat,0.011314423,Others,122.973,Grocery Store,123.173
FDD29,14,Low Fat,0.030815427,Frozen Foods,252.0698,Grocery Store,1014.6792
FDU23,6,Low Fat,0.036360676,Breads,166.0184,Grocery Store,330.2368
FDG31,14,Low Fat,0.063430788,Meat,65.4826,Grocery Store,258.3304
FDT15,9,Regular,0.071440118,Meat,182.295,Grocery Store,549.285
FDE59,8,LF,0.104257037,Starchy Foods,34.0532,Grocery Store,179.766
NCZ17,10,Low Fat,0.132952286,Health and Hygiene,37.6506,Grocery Store,37.9506
NCR53,9,Low Fat,0.242768664,Health and Hygiene,226.5404,Grocery Store,225.0404
FDJ28,6,Low Fat,0.036590807,Frozen Foods,193.3162,Grocery Store,192.4162
DRB25,9,Low Fat,0.116261335,Soft Drinks,107.0938,Grocery Store,214.3876
NCH06,15,Low Fat,0.128136346,Household,248.346,Grocery Store,985.384
FDJ44,13,Regular,0.17797002,Fruits and Vegetables,173.1396,Grocery Store,697.7584
FDT36,8,Low Fat,0.186250852,Baking Goods,37.2874,Grocery Store,176.437
FDW19,6,Regular,0.064441812,Fruits and Vegetables,110.957,Grocery Store,219.714
FDJ03,11,Regular,0.121174241,Dairy,47.8692,Grocery Store,49.2692
NCJ18,8,LF,0.274405193,Household,117.1124,Grocery Store,355.5372
FDT24,8,Regular,0.311090379,Baking Goods,79.2328,Grocery Store,154.4656
NCO41,9,Low Fat,0.031549131,Health and Hygiene,99.0384,Grocery Store,197.0768
FDM44,11,Low Fat,0.051970788,Fruits and Vegetables,103.699,Grocery Store,412.796
FDM02,11,Regular,0.12341737,Canned,86.0198,Grocery Store,87.2198
NCE43,14,Low Fat,0.17314115,Household,168.4448,Grocery Store,170.4448
FDK02,13,Low Fat,0.187841082,Canned,119.244,Grocery Store,119.844
FDW55,14,Regular,0.036773101,Fruits and Vegetables,250.3092,Grocery Store,249.0092
FDK03,6,Regular,0.123727659,Dairy,253.0356,Grocery Store,254.3356
FDI22,,Low Fat,0.161039887,Snack Foods,210.2612,Grocery Store,418.1224
DRJ13,15,Low Fat,0.105265475,Soft Drinks,159.9578,Grocery Store,962.7468
FDP39,12,Low Fat,0.116203156,Meat,53.5324,Grocery Store,415.4592
FDR52,15,Regular,0.127283051,Frozen Foods,191.7846,Grocery Store,382.1692
FDJ55,14,Regular,0.039385992,Meat,224.8404,Grocery Store,1575.2828
FDG47,5,Low Fat,0.116527666,Starchy Foods,261.4252,Grocery Store,262.3252
NCO55,11,Low Fat,0.152377658,Others,108.1938,Grocery Store,428.7752
FDU47,7,Regular,0.190569038,Breads,138.7838,Grocery Store,280.9676
FDF20,14,Low Fat,0.055603753,Fruits and Vegetables,195.6768,Grocery Store,394.1536
FDX40,5,Low Fat,0.165694219,Frozen Foods,39.7164,Grocery Store,231.6984
FDX32,14,Regular,0,Fruits and Vegetables,146.2786,Grocery Store,433.4358
FDX07,9,Regular,0,Fruits and Vegetables,182.095,Grocery Store,732.38
FDV37,11,Regular,0.139785104,Canned,196.2426,Grocery Store,197.7426
DRK37,11,LF,0,Soft Drinks,190.453,Grocery Store,379.506
FDB17,10,Low Fat,0.061381589,Frozen Foods,179.9976,Grocery Store,181.0976
FDX58,7,LF,0.073251428,Snack Foods,181.695,Grocery Store,549.285
DRL49,11,Low Fat,0.094450618,Soft Drinks,141.4812,Grocery Store,284.9624
NCH07,13,Low Fat,0.155105614,Household,157.2604,Grocery Store,316.9208
FDD36,8,Low Fat,0.035607579,Baking Goods,119.9124,Grocery Store,118.5124
FDI38,8,Regular,0.024482433,Canned,205.7638,Grocery Store,621.1914
FDV59,12,Low Fat,0.080387424,Breads,219.2166,Grocery Store,1524.0162
FDO22,5,Regular,0.029893094,Snack Foods,81.096,Grocery Store,159.792
FDH48,9,Low Fat,0.101231721,Baking Goods,86.254,Grocery Store,173.108
NCH54,5,Low Fat,0.12163321,Household,161.692,Grocery Store,159.792
FDH47,14,Regular,0.21561193,Starchy Foods,98.6068,Grocery Store,97.2068
NCS54,5,Low Fat,0.016726506,Household,176.037,Grocery Store,352.874
FDO10,10,Regular,0.021343732,Snack Foods,58.3588,Grocery Store,114.5176
FDW09,7,Regular,0.043386131,Snack Foods,80.2302,Grocery Store,79.2302
FDU15,8,Regular,0.044526443,Meat,37.9532,Grocery Store,71.9064
FDG40,11,Low Fat,0.066657791,Frozen Foods,32.6558,Grocery Store,67.9116
FDZ03,11,Regular,0.13187274,Dairy,188.024,Grocery Store,745.696
FDP28,13,Regular,0.134975628,Frozen Foods,260.0936,Grocery Store,260.9936
FDL38,6,Regular,0.024660202,Canned,87.4172,Grocery Store,178.4344
DRC27,15,Low Fat,0.097251621,Dairy,245.7802,Grocery Store,245.6802
FDS19,14,Regular,0.107469819,Fruits and Vegetables,77.8012,Grocery Store,227.7036
DRI39,5,Low Fat,0.162462044,Dairy,55.893,Grocery Store,226.372
DRD24,5,Low Fat,0.051544658,Soft Drinks,142.5154,Grocery Store,141.8154
FDL13,,Regular,0.094265737,Breakfast,233.93,Grocery Store,233.03
NCD55,10,Low Fat,0.040725405,Household,43.4454,Grocery Store,41.9454
FDA32,8,Low Fat,0.050371508,Fruits and Vegetables,214.7192,Grocery Store,862.8768
FDW40,6,Regular,0.175991929,Frozen Foods,140.7812,Grocery Store,142.4812
FDI16,5,Regular,0.227260689,Frozen Foods,54.364,Grocery Store,159.792
NCP55,12,Low Fat,0,Others,56.4614,Grocery Store,55.2614
FDM32,6,Low Fat,0,Fruits and Vegetables,90.883,Grocery Store,89.883
FDR47,13,LF,0,Breads,196.5794,Grocery Store,585.2382
NCZ54,15,Low Fat,0,Household,161.5552,Grocery Store,324.9104
FDZ45,5,Low Fat,0.111936685,Snack Foods,198.8084,Grocery Store,992.042
NCX18,15,Low Fat,0.014719325,Household,196.911,Grocery Store,392.822
FDN09,9,Low Fat,0.05837308,Snack Foods,243.9828,Grocery Store,731.0484
FDX39,10,Regular,0.083147702,Meat,210.1586,Grocery Store,422.1172
FDF08,7,Regular,0.109144085,Fruits and Vegetables,88.2856,Grocery Store,175.7712
NCV41,15,Low Fat,0.028519419,Health and Hygiene,109.2228,Grocery Store,221.0456
NCM43,15,Low Fat,0.032597778,Others,163.621,Grocery Store,815.605
FDC14,14,Regular,0.06904249,Canned,41.4454,Grocery Store,41.9454
DRG03,13,Low Fat,0.103752817,Dairy,155.1998,Grocery Store,307.5996
FDR59,5,Regular,0.106894492,Breads,260.4594,Grocery Store,1046.6376
FDJ36,6,Regular,0.214681063,Baking Goods,102.7332,Grocery Store,205.0664
NCB30,10,Low Fat,0.043021542,Household,196.9084,Grocery Store,595.2252
FDC21,14,Regular,0.071904258,Fruits and Vegetables,106.8254,Grocery Store,108.5254
NCL06,8,Low Fat,0.120624771,Household,261.7594,Grocery Store,523.3188
DRI47,7,Low Fat,0.035016091,Hard Drinks,144.3128,Grocery Store,431.4384
FDG57,15,Low Fat,0.121012632,Fruits and Vegetables,49.4034,Grocery Store,194.4136
NCQ41,9,Low Fat,0.032606181,Health and Hygiene,193.5794,Grocery Store,390.1588
FDS59,7,Regular,0.073468631,Breads,110.857,Grocery Store,329.571
FDQ39,15,Low Fat,0.13564792,Meat,190.8846,Grocery Store,191.0846
FDV22,7,Regular,0.016635488,Snack Foods,157.563,Grocery Store,312.926
NCK30,5,Low Fat,0.102065622,Household,254.2698,Grocery Store,1775.6886
FDE24,8,Low Fat,0.15643727,Baking Goods,142.0812,Grocery Store,284.9624
FDW47,14,Low Fat,0.077622622,Breads,121.8414,Grocery Store,243.6828
FDA01,8,Regular,0.091018048,Canned,60.2904,Grocery Store,117.1808
NCZ29,,Low Fat,0.119461188,Health and Hygiene,126.3362,Grocery Store,503.3448
FDC47,11,Low Fat,0.19899855,Snack Foods,226.5694,Grocery Store,913.4776
FDR20,9,Regular,0,Fruits and Vegetables,46.4744,Grocery Store,45.2744
NCZ42,14,Low Fat,0,Household,238.3248,Grocery Store,711.0744
FDI19,8,Low Fat,0.087604871,Meat,242.2512,Grocery Store,484.7024
FDL36,10,Low Fat,0.127334766,Baking Goods,88.283,Grocery Store,89.883
FDZ07,15,Regular,0.157154813,Fruits and Vegetables,62.2194,Grocery Store,185.7582
FDR27,8,Regular,0.160852421,Meat,131.3942,Grocery Store,397.4826
FDS48,7,Low Fat,0.046496777,Baking Goods,149.6708,Grocery Store,300.9416
NCN29,9,Low Fat,0.020280476,Health and Hygiene,49.1034,Grocery Store,194.4136
FDT57,11,Low Fat,0.031860325,Snack Foods,235.1248,Grocery Store,474.0496
FDP25,8,Low Fat,0.035497039,Canned,216.7824,Grocery Store,436.7648
NCI54,5,Low Fat,0.056237906,Household,110.7912,Grocery Store,109.1912
FDK09,12,Low Fat,0.153592956,Snack Foods,228.0352,Grocery Store,458.0704
NCX05,9,Low Fat,0.162462044,Health and Hygiene,117.6492,Grocery Store,347.5476
FDD56,11,Regular,0.173703549,Fruits and Vegetables,175.8054,Grocery Store,1050.6324
FDB34,6,Low Fat,0.044539371,Snack Foods,85.3198,Grocery Store,261.6594
NCG18,9,Low Fat,0.038460297,Household,104.0332,Grocery Store,205.0664
FDS40,7,Low Fat,0.02346559,Frozen Foods,35.219,Grocery Store,36.619
DRM37,15,Low Fat,0.161350176,Soft Drinks,196.6768,Grocery Store,591.2304
FDF24,12,Regular,0.042464962,Baking Goods,81.5934,Grocery Store,327.5736
FDC09,10,Regular,0.044024163,Fruits and Vegetables,102.0332,Grocery Store,102.5332
FDU12,8,Regular,0.126791761,Baking Goods,262.1568,Grocery Store,527.3136
FDY40,10,Regular,0.143670179,Frozen Foods,48.4692,Grocery Store,49.2692
FDG20,13,Regular,0.210375806,Fruits and Vegetables,178.2028,Grocery Store,177.1028
FDY09,15,Low Fat,0.042179884,Snack Foods,174.7054,Grocery Store,175.1054
FDL45,8,Low Fat,0.063081713,Snack Foods,125.7704,Grocery Store,250.3408
NCM55,6,Low Fat,0.111685868,Others,184.7924,Grocery Store,370.1848
FDN12,12,Low Fat,0.13575135,Baking Goods,111.5544,Grocery Store,223.7088
FDJ58,10,Regular,0.176244038,Snack Foods,173.6764,Grocery Store,515.3292
FDC41,14,Low Fat,0.195688803,Frozen Foods,77.367,Grocery Store,153.134
FDQ08,9,Regular,0.031685529,Fruits and Vegetables,63.1536,Grocery Store,122.5072
FDM28,7,Low Fat,0.075661985,Frozen Foods,181.366,Grocery Store,179.766
FDL32,12,Regular,0.204984538,Fruits and Vegetables,111.0544,Grocery Store,223.7088
FDX03,14,Regular,0.102262138,Meat,47.1744,Grocery Store,90.5488
FDP11,14,Low Fat,0.11566015,Breads,218.3166,Grocery Store,435.4332
FDR23,,Low Fat,0.13689554,Breads,176.437,Grocery Store,529.311
DRI37,15,Low Fat,0.180096791,Soft Drinks,57.3904,Grocery Store,117.1808
FDC50,13,Low Fat,0.228469522,Canned,93.3094,Grocery Store,285.6282
FDQ51,13,Regular,0.029377239,Meat,46.1718,Grocery Store,94.5436
FDT56,8,Regular,0.193477995,Fruits and Vegetables,55.9246,Grocery Store,405.4722
DRF36,7,Low Fat,0.039463564,Soft Drinks,189.9846,Grocery Store,191.0846
FDZ20,13,Low Fat,0.057422821,Fruits and Vegetables,253.7356,Grocery Store,508.6712
FDA28,5,Regular,0.080010553,Frozen Foods,124.2362,Grocery Store,377.5086
FDV28,5,Regular,0.267352587,Frozen Foods,34.9558,Grocery Store,67.9116
FDD53,12,Low Fat,0.074019393,Frozen Foods,41.7454,Grocery Store,83.8908
NCW06,7,Low Fat,0.08425957,Household,192.3162,Grocery Store,769.6648
FDX37,14,Low Fat,0.105498192,Canned,101.47,Grocery Store,399.48
FDA50,13,LF,0.145913308,Dairy,95.441,Grocery Store,193.082
NCN30,15,Low Fat,0.02844314,Household,98.141,Grocery Store,386.164
FDT43,13,Low Fat,0.034393057,Fruits and Vegetables,50.8324,Grocery Store,155.7972
FDV51,7,Low Fat,0.054463442,Meat,163.8842,Grocery Store,165.7842
NCH55,11,Low Fat,0.058034349,Household,124.802,Grocery Store,253.004
FDY56,11,Regular,0.104463896,Fruits and Vegetables,227.1062,Grocery Store,225.7062
FDF32,6,Low Fat,0.113953562,Fruits and Vegetables,198.2426,Grocery Store,790.9704
NCA54,6,Low Fat,0.061330521,Household,178.7318,Grocery Store,360.8636
FDR37,6,Regular,0.110888167,Breakfast,181.6292,Grocery Store,1094.5752
FDP44,14,Regular,0.133424184,Fruits and Vegetables,102.2332,Grocery Store,102.5332
NCP41,14,Low Fat,0.027133398,Health and Hygiene,106.2596,Grocery Store,215.7192
NCC30,10,Low Fat,0.046161923,Household,176.6344,Grocery Store,356.8688
FDD02,6,Low Fat,0.084176826,Canned,118.0124,Grocery Store,592.562
DRM23,5,Low Fat,0.227189581,Hard Drinks,173.9422,Grocery Store,172.4422
FDR02,8,Low Fat,0.036933417,Dairy,109.1886,Grocery Store,222.3772
FDU26,7,Regular,0.071335395,Dairy,120.3782,Grocery Store,119.1782
FDC59,10,reg,0.091437584,Starchy Foods,64.3168,Grocery Store,127.8336
FDT10,13,Regular,0.103849783,Snack Foods,58.8562,Grocery Store,59.2562
FDM12,10,reg,0.117026714,Baking Goods,189.2214,Grocery Store,188.4214
FDF56,5,reg,0.199955274,Fruits and Vegetables,182.3976,Grocery Store,724.3904
FDD38,11,Regular,0.013711274,Canned,100.2674,Grocery Store,203.7348
DRB48,13,Regular,0.041599644,Soft Drinks,40.9822,Grocery Store,157.1288
NCY41,5,Low Fat,0.126765903,Health and Hygiene,35.7532,Grocery Store,143.8128
FDM58,5,Regular,0.133385398,Snack Foods,109.8544,Grocery Store,223.7088
FDR46,6,Low Fat,0.233356571,Snack Foods,146.576,Grocery Store,439.428
FDZ16,12,Regular,0.267565911,Frozen Foods,194.1478,Grocery Store,1162.4868
NCN41,7,Low Fat,0.087387669,Health and Hygiene,125.073,Grocery Store,369.519
NCF30,5,Low Fat,0.211306673,Household,125.1362,Grocery Store,251.6724
FDO40,9,Low Fat,0.054612768,Frozen Foods,150.2392,Grocery Store,596.5568
FDH14,14,Regular,0.078347922,Canned,141.8838,Grocery Store,280.9676
NCH30,8,Low Fat,0.112402118,Household,112.986,Grocery Store,113.186
DRH03,8,Low Fat,0.05869048,Dairy,91.612,Grocery Store,93.212
DRI51,15,Low Fat,0.070703828,Dairy,170.3764,Grocery Store,343.5528
FDX57,11,Regular,0.079113947,Snack Foods,99.2068,Grocery Store,97.2068
FDN49,5,Regular,0.209600084,Breakfast,40.348,Grocery Store,39.948
NCF42,8,Low Fat,0.280164929,Household,177.5712,Grocery Store,527.3136
FDB40,12,Regular,0.012620221,Dairy,144.8102,Grocery Store,291.6204
FDN15,5,Low Fat,0.028009382,Meat,141.718,Grocery Store,419.454
FDR10,11,Low Fat,0.016804724,Snack Foods,163.4552,Grocery Store,649.8208
FDY35,13,Regular,0.026827052,Breads,47.8402,Grocery Store,91.8804
FDZ21,6,Regular,0.065649353,Snack Foods,94.841,Grocery Store,193.082
FDY03,6,Regular,0.127412338,Meat,111.3202,Grocery Store,337.5606
NCB06,8,Low Fat,0.137807013,Health and Hygiene,161.792,Grocery Store,159.792
FDZ09,15,Low Fat,0.175545889,Snack Foods,163.6868,Grocery Store,163.7868
FDL40,6,Low Fat,0.019438042,Frozen Foods,95.541,Grocery Store,96.541
NCQ54,5,Low Fat,0.020993364,Household,166.8474,Grocery Store,168.4474
FDO19,11,Regular,0.027779381,Fruits and Vegetables,50.1034,Grocery Store,97.2068
FDO34,14,Low Fat,0.050111641,Snack Foods,165.9816,Grocery Store,167.7816
FDX26,8,LF,0.146973462,Dairy,184.1292,Grocery Store,547.2876
FDC46,9,LF,0.195068226,Snack Foods,185.4266,Grocery Store,184.4266
FDE11,5,Regular,0.226122963,Starchy Foods,185.7924,Grocery Store,370.1848
FDI32,5,Low Fat,0.291865402,Fruits and Vegetables,115.1834,Grocery Store,345.5502
FDS32,5,Regular,0.049634572,Fruits and Vegetables,140.2838,Grocery Store,280.9676
FDU14,6,Low Fat,0.058168807,Dairy,249.575,Grocery Store,499.35
FDX48,15,Regular,0.063416566,Baking Goods,154.6656,Grocery Store,308.9312
FDZ23,13,Regular,0.112985849,Baking Goods,185.424,Grocery Store,745.696
NCC54,11,LF,0.163548055,Health and Hygiene,239.3196,Grocery Store,723.0588
FDZ10,5,Low Fat,0.074422769,Snack Foods,128.002,Grocery Store,253.004
FDX16,15,Low Fat,0.110152524,Frozen Foods,150.205,Grocery Store,149.805
NCF54,5,Low Fat,0.079299474,Household,170.5422,Grocery Store,344.8844
FDW07,6,Regular,0.238831875,Fruits and Vegetables,88.2514,Grocery Store,88.5514
FDD57,7,Low Fat,0.037492325,Fruits and Vegetables,95.5094,Grocery Store,95.2094
FDC15,15,Low Fat,0.297883712,Dairy,156.7288,Grocery Store,314.2576
FDX12,15,Regular,0.043626605,Baking Goods,241.4196,Grocery Store,482.0392
FDE08,6,Low Fat,0.082551042,Fruits and Vegetables,147.3734,Grocery Store,296.9468
NCW42,10,Low Fat,0.097865088,Household,221.8456,Grocery Store,884.1824
FDR43,13,Low Fat,0.270300331,Fruits and Vegetables,38.319,Grocery Store,109.857
FDH35,6,Low Fat,0.10084386,Starchy Foods,166.3526,Grocery Store,164.4526
FDR09,13,Low Fat,0.130095044,Snack Foods,257.2962,Grocery Store,517.9924
FDK52,7,Low Fat,0.132596101,Frozen Foods,226.2062,Grocery Store,677.1186
FDW28,11,LF,0.148673586,Frozen Foods,197.2452,Grocery Store,195.7452
DRJ23,12,Low Fat,0.069745165,Hard Drinks,190.2872,Grocery Store,378.1744
NCF18,6,Low Fat,0.148938624,Household,191.9504,Grocery Store,767.0016
FDW32,5,Regular,0.15783357,Fruits and Vegetables,87.5882,Grocery Store,171.7764
NCN07,6,Low Fat,0.056816465,Others,132.1284,Grocery Store,263.6568
FDA03,8,Regular,0.076097035,Dairy,145.8102,Grocery Store,291.6204
FDP16,5,Low Fat,0.065771529,Frozen Foods,245.7802,Grocery Store,245.6802
NCJ19,10,Low Fat,0.19780911,Others,55.6588,Grocery Store,114.5176
FDU27,6,Regular,0.28701714,Meat,48.8376,Grocery Store,47.9376
DRH25,14,Low Fat,0.02442574,Soft Drinks,52.9324,Grocery Store,51.9324
FDV36,6,Low Fat,0.044024163,Baking Goods,125.902,Grocery Store,126.502
FDU48,8,Low Fat,0.0926587,Baking Goods,131.4284,Grocery Store,263.6568
FDT32,10,Regular,0.10985775,Fruits and Vegetables,188.8214,Grocery Store,188.4214
FDM34,6,Low Fat,0.112893408,Snack Foods,131.0626,Grocery Store,524.6504
FDB41,8,Regular,0.162882227,Frozen Foods,46.8718,Grocery Store,189.0872
FDC08,12,Regular,0.173154079,Fruits and Vegetables,228.272,Grocery Store,452.744
NCA30,5,Low Fat,0.216478153,Household,190.1872,Grocery Store,567.2616
FDH44,10,Regular,0.043304681,Fruits and Vegetables,147.5418,Grocery Store,294.2836
FDI20,10,Low Fat,0.064547828,Fruits and Vegetables,212.8586,Grocery Store,422.1172
DRF03,9,Low Fat,0.075836522,Dairy,40.2138,Grocery Store,81.2276
NCN14,13,Low Fat,0.15385153,Others,185.1608,Grocery Store,551.2824
NCC18,13,Low Fat,0.296713665,Household,171.8422,Grocery Store,1034.6532
FDS10,13,Low Fat,0.058893461,Snack Foods,178.9318,Grocery Store,180.4318
NCB07,13,Low Fat,0.129731747,Household,196.211,Grocery Store,589.233
FDV01,5,Regular,0.142189843,Canned,153.8314,Grocery Store,155.1314
FDV38,12,Low Fat,0.170348551,Dairy,55.7956,Grocery Store,163.7868
NCO06,14,Low Fat,0.180820798,Household,35.9558,Grocery Store,67.9116
FDR22,14,Regular,0.031069993,Snack Foods,112.0544,Grocery Store,223.7088
DRA24,13,Regular,0.066831682,Soft Drinks,163.8868,Grocery Store,327.5736
FDE33,7,Regular,0.083079826,Fruits and Vegetables,80.3644,Grocery Store,157.1288
FDN39,11,Regular,0.109667698,Meat,166.0816,Grocery Store,671.1264
FDL48,13,Regular,0.137697119,Baking Goods,47.1034,Grocery Store,145.8102
DRL01,6,Regular,0.129170642,Soft Drinks,233.9958,Grocery Store,467.3916
DRE03,5,Low Fat,0.040550868,Dairy,45.5718,Grocery Store,47.2718
NCP05,9,Low Fat,0.042324556,Health and Hygiene,150.9024,Grocery Store,303.6048
DRI25,8,Low Fat,0.056744064,Soft Drinks,55.6614,Grocery Store,165.7842
NCB18,5,Low Fat,0.069112952,Household,90.1514,Grocery Store,442.757
FDA44,6,Low Fat,0.089083914,Fruits and Vegetables,54.593,Grocery Store,56.593
FDA49,7,Low Fat,0.108665723,Canned,86.4198,Grocery Store,87.2198
FDR21,10,Low Fat,0.112036236,Snack Foods,174.937,Grocery Store,882.185
FDE04,8,Regular,0.030166924,Frozen Foods,179.766,Grocery Store,719.064
FDK51,15,Low Fat,0.008762556,Dairy,266.6884,Grocery Store,264.9884
FDS21,10,reg,0.034942397,Snack Foods,61.9194,Grocery Store,123.8388
FDO60,11,Low Fat,0.057527544,Baking Goods,43.1086,Grocery Store,89.2172
FDZ28,13,Regular,0.086187886,Frozen Foods,125.4678,Grocery Store,127.1678
FDU60,6,Regular,0.100262068,Baking Goods,169.6132,Grocery Store,169.1132
NCI31,6,low fat,0.136124989,Others,38.319,Grocery Store,146.476
NCX53,9,LF,0.025002878,Health and Hygiene,140.4154,Grocery Store,567.2616
FDX50,15,Low Fat,0.124910635,Dairy,109.6228,Grocery Store,110.5228
FDV20,6,Regular,0.100095288,Fruits and Vegetables,125.2678,Grocery Store,127.1678
NCV30,11,Low Fat,0.110356797,Household,62.051,Grocery Store,126.502
NCG43,15,Low Fat,0.124261614,Household,93.6462,Grocery Store,277.6386
FDV60,13,Regular,0.196438668,Baking Goods,194.611,Grocery Store,392.822
FDB14,15,Regular,0.171938781,Canned,92.512,Grocery Store,186.424
FDX31,8,Regular,0.024815024,Fruits and Vegetables,234.0958,Grocery Store,467.3916
FDL46,8,Low Fat,0.090480214,Snack Foods,119.5466,Grocery Store,117.8466
FDS26,11,Low Fat,0.149753132,Dairy,259.7594,Grocery Store,784.9782
FDQ15,8,Regular,0.252865979,Meat,82.7276,Grocery Store,162.4552
FDH53,13,Regular,0.032136417,Frozen Foods,83.9592,Grocery Store,165.1184
FDD16,13,Low Fat,0.060847634,Frozen Foods,75.0696,Grocery Store,149.1392
FDB32,14,Low Fat,0.039255412,Fruits and Vegetables,94.4778,Grocery Store,93.8778
FDY26,12,Regular,0.051068365,Dairy,213.0244,Grocery Store,423.4488
FDD10,12,Regular,0.077029195,Snack Foods,177.2344,Grocery Store,892.172
FDG09,14,Regular,0.080235512,Fruits and Vegetables,188.9556,Grocery Store,563.2668
NCR30,12,Low Fat,0.118827682,Household,75.0696,Grocery Store,149.1392
FDP24,10,Low Fat,0.13893181,Baking Goods,119.5756,Grocery Store,121.1756
NCP06,13,Low Fat,0.065689432,Household,149.7366,Grocery Store,151.1366
FDR26,15,Low Fat,0.071699984,Dairy,177.6028,Grocery Store,531.3084
FDJ20,11,Regular,0.16767231,Fruits and Vegetables,124.2388,Grocery Store,247.6776
FDX27,11,Regular,0.191008614,Dairy,92.8436,Grocery Store,189.0872
DRE49,8,Low Fat,0.035568147,Soft Drinks,151.8024,Grocery Store,151.8024
FDW20,12,Low Fat,0.040421193,Fruits and Vegetables,122.173,Grocery Store,369.519
FDP01,15,Regular,0.105994654,Breakfast,150.5682,Grocery Store,762.341
FDQ37,11,Low Fat,0.149404057,Breakfast,192.8478,Grocery Store,774.9912
FDO57,7,Low Fat,0.181958524,Snack Foods,161.0578,Grocery Store,481.3734
FDU40,10,Low Fat,0.062606583,Frozen Foods,192.2478,Grocery Store,387.4956
FDP59,8,Regular,0.094512029,Breads,104.5648,Grocery Store,207.7296
FDH10,12,Low Fat,0.082526478,Snack Foods,191.8478,Grocery Store,774.9912
FDW10,13,Low Fat,0.118297605,Snack Foods,175.037,Grocery Store,529.311
FDT03,5,Low Fat,0.016735879,Meat,185.2608,Grocery Store,183.7608
FDC02,5,Low Fat,0.115194717,Canned,258.3278,Grocery Store,520.6556
FDR07,8,Low Fat,0.130127365,Fruits and Vegetables,96.2094,Grocery Store,190.4188
DRF37,8,Low Fat,0,Soft Drinks,261.291,Grocery Store,788.973
DRH39,13,low fat,0,Dairy,75.967,Grocery Store,153.134
DRK49,13,LF,0,Soft Drinks,40.5138,Grocery Store,40.6138
FDA19,15,Low Fat,0,Fruits and Vegetables,126.6994,Grocery Store,256.9988
FDB14,11,Regular,0,Canned,92.312,Grocery Store,372.848
FDB38,11,Regular,0,Canned,160.692,Grocery Store,319.584
FDC28,13,Low Fat,0,Frozen Foods,109.9254,Grocery Store,108.5254
FDE05,14,Regular,0,Frozen Foods,145.2102,Grocery Store,437.4306
FDE41,5,reg,0,Frozen Foods,83.7566,Grocery Store,253.6698
FDG12,14,Regular,0,Baking Goods,121.3098,Grocery Store,120.5098
FDH31,12,Regular,0,Meat,98.2042,Grocery Store,198.4084
FDJ14,7,Regular,0,Canned,78.896,Grocery Store,399.48
FDJ57,14,Regular,0,Seafood,184.3582,Grocery Store,185.7582
FDL28,6,Regular,0,Frozen Foods,230.0668,Grocery Store,691.1004
FDL40,7,Low Fat,0,Frozen Foods,98.241,Grocery Store,289.623
FDO09,5,Regular,0,Snack Foods,262.891,Grocery Store,788.973
FDO10,15,Regular,0,Snack Foods,58.7588,Grocery Store,400.8116
FDQ36,10,Regular,0,Baking Goods,38.1848,Grocery Store,37.2848
FDQ58,12,Low Fat,0,Snack Foods,154.534,Grocery Store,459.402
FDS31,7,Regular,0,Fruits and Vegetables,178.5318,Grocery Store,180.4318
FDV39,8,Low Fat,0,Meat,196.8426,Grocery Store,593.2278
FDW38,9,Regular,0,Dairy,55.9298,Grocery Store,107.8596
FDW48,11,Low Fat,0,Baking Goods,81.8618,Grocery Store,161.1236
FDX31,12,Regular,0,Fruits and Vegetables,234.7958,Grocery Store,467.3916
FDY55,5,LF,0,Fruits and Vegetables,258.3988,Grocery Store,256.9988
FDZ12,7,Low Fat,0,Baking Goods,144.847,Grocery Store,143.147
FDZ25,9,Regular,0,Canned,169.879,Grocery Store,339.558
FDZ27,13,Low Fat,0,Dairy,51.235,Grocery Store,49.935
NCK17,14,Low Fat,0,Health and Hygiene,40.348,Grocery Store,79.896
NCK29,13,Low Fat,0,Health and Hygiene,123.473,Grocery Store,369.519
DRM59,10,Low Fat,0.006289291,Hard Drinks,153.2998,Grocery Store,461.3994
FDS52,15,Low Fat,0.009585169,Frozen Foods,102.5016,Grocery Store,101.2016
FDU04,5,Low Fat,0.009714595,Frozen Foods,120.0414,Grocery Store,487.3656
FDB23,8,Regular,0.00978492,Starchy Foods,225.9062,Grocery Store,451.4124
FDA36,8,Low Fat,0.009921107,Baking Goods,183.6924,Grocery Store,555.2772
NCX42,5,Low Fat,0.010467749,Household,162.9526,Grocery Store,822.263
FDG04,12,Low Fat,0.010615026,Frozen Foods,185.1898,Grocery Store,374.1796
NCN43,9,Low Fat,0.011835436,Others,121.373,Grocery Store,246.346
FDG35,14,Regular,0.012327847,Starchy Foods,173.8738,Grocery Store,347.5476
FDL21,6,Regular,0.01251245,Snack Foods,38.748,Grocery Store,79.896
FDY52,11,Low Fat,0.012865901,Frozen Foods,59.3536,Grocery Store,122.5072
FDZ38,6,Low Fat,0.014008751,Dairy,171.3422,Grocery Store,862.211
FDD38,7,reg,0.014342659,Canned,103.7674,Grocery Store,203.7348
FDC52,13,Regular,0.014497036,Dairy,150.8708,Grocery Store,150.4708
FDO15,5,Regular,0.014998914,Meat,72.4038,Grocery Store,221.7114
NCX18,14,Low Fat,0.015397129,Household,194.911,Grocery Store,196.411
FDK27,10,Low Fat,0.015664229,Meat,122.2756,Grocery Store,121.1756
FDY36,12,Low Fat,0.016476619,Baking Goods,74.338,Grocery Store,146.476
NCO07,5,Low Fat,0.017116983,Others,211.956,Grocery Store,213.056
NCA53,14,Low Fat,0.017295906,Health and Hygiene,47.1034,Grocery Store,145.8102
FDH38,11,Low Fat,0.018275994,Canned,115.2808,Grocery Store,117.1808
FDQ13,10,Low Fat,0.018632082,Canned,82.9908,Grocery Store,503.3448
DRK11,7,Low Fat,0.018847114,Hard Drinks,148.0392,Grocery Store,447.4176
FDQ45,10,Regular,0.019114349,Snack Foods,182.1608,Grocery Store,367.5216
FDT51,12,Regular,0.019117392,Meat,110.6544,Grocery Store,223.7088
FDG10,11,Regular,0.019153299,Snack Foods,57.6588,Grocery Store,400.8116
FDY34,8,Regular,0.019227816,Snack Foods,163.9842,Grocery Store,331.5684
FDW35,7,low fat,0.0194158,Breads,41.6454,Grocery Store,83.8908
NCP55,9,low fat,0.019592289,Others,56.9614,Grocery Store,221.0456
FDK33,10,Low Fat,0.019671473,Snack Foods,214.756,Grocery Store,213.056
FDG02,5,Low Fat,0.019716846,Canned,191.9188,Grocery Store,571.2564
FDH04,13,Regular,0.019912606,Frozen Foods,91.0488,Grocery Store,271.6464
FDU01,6,Regular,0.021002171,Canned,185.1924,Grocery Store,555.2772
FDY49,9,Regular,0.021031586,Canned,164.7184,Grocery Store,495.3552
NCN19,8,Low Fat,0.021184746,Others,189.553,Grocery Store,379.506
NCN29,6,Low Fat,0.021214364,Health and Hygiene,48.2034,Grocery Store,97.2068
FDT09,12,Regular,0.021471456,Snack Foods,131.0284,Grocery Store,131.8284
FDS27,8,Regular,0.0218126,Meat,194.711,Grocery Store,196.411
FDV46,9,Low Fat,0.022074764,Snack Foods,141.418,Grocery Store,559.272
NCQ38,5,LF,0.023402893,Others,108.228,Grocery Store,213.056
FDB58,12,Regular,0.02363057,Snack Foods,141.7154,Grocery Store,425.4462
FDF04,15,Low Fat,0.023876708,Frozen Foods,258.6304,Grocery Store,516.6608
FDX24,10,LF,0.024387984,Baking Goods,92.4462,Grocery Store,185.0924
FDS40,15,Low Fat,0.024546148,Frozen Foods,34.619,Grocery Store,36.619
NCO54,6,low fat,0.024992442,Household,53.6614,Grocery Store,165.7842
NCJ42,12,Low Fat,0.025039776,Household,102.7332,Grocery Store,410.1328
FDB33,5,Low Fat,0.025527994,Fruits and Vegetables,157.5262,Grocery Store,477.3786
FDL38,14,Regular,0.02579577,Canned,88.4172,Grocery Store,89.2172
FDN03,10,Regular,0.026420581,Meat,250.9408,Grocery Store,1001.3632
NCX06,9,LF,0.02746599,Household,181.5976,Grocery Store,543.2928
NCO30,7,Low Fat,0.027532258,Household,185.0608,Grocery Store,551.2824
FDE46,8,Low Fat,0.027610698,Snack Foods,149.5366,Grocery Store,604.5464
FDC48,10,Low Fat,0.027767577,Baking Goods,82.1592,Grocery Store,412.796
NCD43,6,Low Fat,0.028048877,Household,106.1964,Grocery Store,210.3928
FDY35,9,Regular,0.028062401,Breads,44.0402,Grocery Store,91.8804
NCP42,15,Low Fat,0.028207784,Household,195.5478,Grocery Store,387.4956
NCP41,10,Low Fat,0.028382853,Health and Hygiene,109.4596,Grocery Store,647.1576
FDD05,14,Low Fat,0.029084548,Frozen Foods,122.0098,Grocery Store,361.5294
FDH17,12,Regular,0.029157849,Frozen Foods,97.0726,Grocery Store,293.6178
FDN15,9,Low Fat,0.029299175,Meat,140.318,Grocery Store,139.818
FDH08,12,Low Fat,0.030516069,Fruits and Vegetables,227.801,Grocery Store,459.402
NCX41,9,Low Fat,0.031024168,Health and Hygiene,210.5244,Grocery Store,1482.0708
FDS01,9,Low Fat,0.031069203,Canned,179.6686,Grocery Store,177.7686
DRE15,8,Low Fat,0.031139933,Dairy,74.8012,Grocery Store,303.6048
FDT13,13,Low Fat,0.032516546,Canned,188.8214,Grocery Store,753.6856
FDQ08,10,Regular,0.033144603,Fruits and Vegetables,62.7536,Grocery Store,61.2536
DRG37,5,LF,0.033929133,Soft Drinks,154.3972,Grocery Store,311.5944
NCM43,6,Low Fat,0.03409886,Others,162.621,Grocery Store,815.605
NCP50,10,Low Fat,0.035997636,Others,78.6618,Grocery Store,80.5618
FDV09,13,Low Fat,0.036012919,Snack Foods,148.0734,Grocery Store,593.8936
FDW59,10,Low Fat,0.03627089,Breads,85.9566,Grocery Store,169.1132
FDS21,15,Regular,0.036551446,Snack Foods,62.7194,Grocery Store,123.8388
FDP25,8,low fat,0.037131628,Canned,216.4824,Grocery Store,218.3824
DRL59,15,Low Fat,0.037160705,Hard Drinks,54.2298,Grocery Store,161.7894
FDB45,5,Low Fat,0.037345714,Fruits and Vegetables,106.5306,Grocery Store,104.5306
FDU20,8,Regular,0.037569401,Fruits and Vegetables,120.7098,Grocery Store,361.5294
FDE09,15,Low Fat,0.037824735,Fruits and Vegetables,109.7228,Grocery Store,331.5684
NCQ05,8,Low Fat,0.037829469,Health and Hygiene,151.0708,Grocery Store,451.4124
FDF40,11,Regular,0.03941584,Dairy,247.8092,Grocery Store,498.0184
FDX08,8,Low Fat,0.039576776,Fruits and Vegetables,179.9318,Grocery Store,360.8636
DRI03,10,Low Fat,0.039751236,Dairy,176.9028,Grocery Store,708.4112
NCV29,15,Low Fat,0.039996021,Health and Hygiene,176.7686,Grocery Store,888.843
FDX22,9,Regular,0.04022593,Snack Foods,210.9928,Grocery Store,210.3928
NCM26,14,Low Fat,0.040520754,Others,153.934,Grocery Store,153.134
FDB32,11,Low Fat,0.041063069,Fruits and Vegetables,93.5778,Grocery Store,187.7556
FDY48,7,Low Fat,0.041556697,Baking Goods,104.4332,Grocery Store,307.5996
DRD27,12,Low Fat,0.041740624,Dairy,98.3042,Grocery Store,198.4084
DRH13,13,Low Fat,0.041821227,Soft Drinks,107.628,Grocery Store,213.056
FDC20,11,low fat,0.041970938,Fruits and Vegetables,55.4272,Grocery Store,111.8544
FDQ23,15,Low Fat,0.042941559,Breads,102.9332,Grocery Store,102.5332
DRH49,15,Low Fat,0.043168763,Soft Drinks,82.8592,Grocery Store,165.1184
NCA05,6,Low Fat,0.044000492,Health and Hygiene,148.2734,Grocery Store,296.9468
FDJ02,6,Regular,0.044063785,Canned,147.2418,Grocery Store,294.2836
FDY09,12,Low Fat,0.044122209,Snack Foods,173.8054,Grocery Store,175.1054
NCU29,15,Low Fat,0.044607722,Health and Hygiene,145.976,Grocery Store,585.904
FDA38,11,Low Fat,0.04461205,Dairy,241.1538,Grocery Store,480.7076
NCB30,12,Low Fat,0.045002624,Household,196.5084,Grocery Store,198.4084
FDZ56,10,Low Fat,0.04506213,Fruits and Vegetables,167.5474,Grocery Store,1010.6844
FDP21,10,Regular,0.045068892,Snack Foods,190.8872,Grocery Store,945.436
FDK55,6,Low Fat,0.045105407,Meat,89.4172,Grocery Store,178.4344
FDU32,13,Low Fat,0.045465958,Fruits and Vegetables,120.8414,Grocery Store,852.8898
FDE16,12,Low Fat,0.046124444,Frozen Foods,206.7954,Grocery Store,833.5816
NCX30,10,LF,0.046609281,Household,248.6776,Grocery Store,495.3552
FDR33,12,Low Fat,0.04690397,Snack Foods,110.657,Grocery Store,659.142
FDK43,13,Low Fat,0.046994717,Meat,125.802,Grocery Store,253.004
NCE54,9,Low Fat,0.047098175,Household,75.5354,Grocery Store,150.4708
DRL60,7,Low Fat,0.047377447,Soft Drinks,150.6682,Grocery Store,457.4046
FDS48,14,Low Fat,0.048637888,Baking Goods,149.7708,Grocery Store,150.4708
FDQ57,5,Low Fat,0.048932713,Snack Foods,144.476,Grocery Store,146.476
DRF27,5,Low Fat,0.049754975,Dairy,152.134,Grocery Store,153.134
NCW29,10,Low Fat,0.050535312,Health and Hygiene,130.031,Grocery Store,129.831
NCD54,15,Low Fat,0.050790917,Household,142.7786,Grocery Store,144.4786
NCQ30,5,Low Fat,0.050901814,Household,120.5414,Grocery Store,365.5242
FDS45,11,Regular,0.051643608,Snack Foods,107.3622,Grocery Store,317.5866
FDE22,13,Low Fat,0.051778173,Snack Foods,157.892,Grocery Store,319.584
FDA02,7,Regular,0.052040539,Dairy,143.1786,Grocery Store,288.9572
FDA32,14,LF,0.052691046,Fruits and Vegetables,216.3192,Grocery Store,215.7192
FDY13,9,Low Fat,0.052749199,Canned,74.967,Grocery Store,229.701
FDB49,15,Regular,0.052791124,Baking Goods,98.5384,Grocery Store,591.2304
NCN53,8,Low Fat,0.053148497,Health and Hygiene,36.3874,Grocery Store,105.8622
NCW53,12,Low Fat,0.053392944,Health and Hygiene,193.8162,Grocery Store,384.8324
NCP43,7,Low Fat,0.053413906,Others,181.766,Grocery Store,179.766
FDT46,11,Low Fat,0.053939315,Snack Foods,52.1008,Grocery Store,50.6008
FDM44,6,LF,0.054363971,Fruits and Vegetables,105.099,Grocery Store,103.199
FDH34,9,Low Fat,0.054443762,Snack Foods,184.6582,Grocery Store,185.7582
FDH21,12,Low Fat,0.054670967,Seafood,158.6604,Grocery Store,316.9208
NCL07,13,Low Fat,0.05486977,Others,40.548,Grocery Store,39.948
FDR12,8,Regular,0.055213281,Baking Goods,172.4764,Grocery Store,687.1056
NCS06,9,Low Fat,0.055566935,Household,263.591,Grocery Store,262.991
FDK26,5,Regular,0.056338482,Canned,184.624,Grocery Store,1304.968
FDC37,7,Low Fat,0.057556998,Baking Goods,107.6938,Grocery Store,214.3876
FDG46,11,Regular,0.057620562,Snack Foods,115.4518,Grocery Store,113.8518
FDO49,9,Regular,0.05787008,Breakfast,49.7008,Grocery Store,50.6008
FDH19,7,Low Fat,0.057933643,Meat,175.1738,Grocery Store,347.5476
NCV54,14,Low Fat,0.057969482,Household,119.3124,Grocery Store,474.0496
FDQ10,11,Low Fat,0.058092551,Snack Foods,172.0422,Grocery Store,517.3266
DRF15,13,Low Fat,0.058153409,Dairy,152.034,Grocery Store,306.268
DRH36,11,Low Fat,0.058444176,Soft Drinks,73.0696,Grocery Store,223.7088
FDR15,12,Regular,0.058545606,Meat,155.8314,Grocery Store,310.2628
NCI54,8,LF,0.058827583,Household,110.4912,Grocery Store,436.7648
FDI07,5,Regular,0.059110912,Meat,199.3426,Grocery Store,395.4852
FDK45,6,Low Fat,0.059281315,Seafood,111.586,Grocery Store,339.558
FDP09,9,low fat,0.059336763,Snack Foods,212.1902,Grocery Store,424.7804
FDP40,5,Regular,0.060154968,Frozen Foods,110.1544,Grocery Store,111.8544
DRI11,10,Low Fat,0.060237465,Hard Drinks,115.9834,Grocery Store,345.5502
FDX47,6,Regular,0.060587738,Breads,156.8288,Grocery Store,471.3864
NCJ06,13,Low Fat,0.060672263,Household,119.8782,Grocery Store,238.3564
NCH55,11,Low Fat,0.060706749,Household,127.502,Grocery Store,379.506
FDI26,5,Low Fat,0.061082177,Canned,180.0344,Grocery Store,892.172
DRH03,6,Low Fat,0.061393095,Dairy,91.812,Grocery Store,372.848
NCF19,14,Low Fat,0.061470858,Household,48.6034,Grocery Store,145.8102
FDV19,10,Regular,0.06173052,Fruits and Vegetables,159.1578,Grocery Store,160.4578
FDT37,8,Low Fat,0.061753511,Canned,253.3014,Grocery Store,510.0028
FDQ12,8,Low Fat,0.061999648,Baking Goods,230.001,Grocery Store,689.103
FDU45,7,Regular,0.06216667,Snack Foods,112.3518,Grocery Store,683.1108
FDW34,12,Low Fat,0.062294473,Snack Foods,242.417,Grocery Store,486.034
FDQ40,11,Regular,0.063079544,Frozen Foods,175.7712,Grocery Store,351.5424
FDD16,7,Low Fat,0.063649582,Frozen Foods,74.7696,Grocery Store,74.5696
FDB17,14,Low Fat,0.064208126,Frozen Foods,180.1976,Grocery Store,181.0976
FDO03,15,Regular,0.064577332,Meat,230.5352,Grocery Store,687.1056
FDW39,12,Regular,0.064625342,Meat,176.937,Grocery Store,176.437
DRD60,8,Low Fat,0.065188619,Soft Drinks,181.1634,Grocery Store,181.7634
FDW24,5,Low Fat,0.065652494,Baking Goods,48.9034,Grocery Store,48.6034
FDR08,14,Low Fat,0.065872936,Fruits and Vegetables,113.1886,Grocery Store,111.1886
FDW02,13,Regular,0.066006824,Dairy,126.2704,Grocery Store,250.3408
FDX48,9,reg,0.066336811,Baking Goods,154.1656,Grocery Store,617.8624
FDG31,6,Low Fat,0.066351687,Meat,65.0826,Grocery Store,193.7478
FDZ32,15,Regular,0.066765523,Fruits and Vegetables,107.1964,Grocery Store,420.7856
FDB39,9,Low Fat,0.067441726,Dairy,57.4272,Grocery Store,111.8544
FDI20,9,Low Fat,0.067520165,Fruits and Vegetables,211.3586,Grocery Store,422.1172
FDZ44,11,Low Fat,0.06780958,Fruits and Vegetables,118.1808,Grocery Store,234.3616
NCT06,5,Low Fat,0.067824456,Household,167.7842,Grocery Store,165.7842
DRF25,13,Low Fat,0.068153091,Soft Drinks,36.019,Grocery Store,73.238
FDQ49,13,Regular,0.06871772,Breakfast,155.563,Grocery Store,469.389
NCQ42,15,Low Fat,0.068753558,Household,127.9678,Grocery Store,254.3356
DRA24,15,Regular,0.069909188,Soft Drinks,163.2868,Grocery Store,491.3604
NCM07,15,Low Fat,0.069968018,Others,83.9908,Grocery Store,167.7816
FDV27,9,Regular,0.070017381,Meat,89.3514,Grocery Store,177.1028
FDE45,12,Low Fat,0.070660449,Fruits and Vegetables,180.4002,Grocery Store,716.4008
FDC14,11,Regular,0.072221801,Canned,43.6454,Grocery Store,125.8362
NCB18,7,Low Fat,0.072295507,Household,89.7514,Grocery Store,88.5514
FDK20,15,Regular,0.072762086,Fruits and Vegetables,120.9072,Grocery Store,122.5072
FDX04,7,Regular,0.07278643,Frozen Foods,49.4376,Grocery Store,191.7504
DRH37,11,Low Fat,0.072864869,Soft Drinks,165.2526,Grocery Store,822.263
NCL41,6,Low Fat,0.073077197,Health and Hygiene,34.3216,Grocery Store,34.6216
NCQ06,14,Low Fat,0.073229342,Household,254.1014,Grocery Store,255.0014
FDM22,9,Regular,0.073462632,Snack Foods,52.364,Grocery Store,53.264
FDX52,5,Regular,0.073541072,Frozen Foods,192.282,Grocery Store,386.164
FDX20,11,Low Fat,0.074517508,Fruits and Vegetables,227.372,Grocery Store,452.744
FDU26,13,Regular,0.074620291,Dairy,120.1782,Grocery Store,357.5346
FDT15,8,Regular,0.074729835,Meat,183.795,Grocery Store,549.285
FDC21,8,Regular,0.075215349,Fruits and Vegetables,108.4254,Grocery Store,217.0508
FDT55,14,Regular,0.076434542,Fruits and Vegetables,155.8946,Grocery Store,473.3838
FDS59,13,Regular,0.076851759,Breads,111.857,Grocery Store,109.857
FDH52,9,Regular,0.076868664,Frozen Foods,62.1194,Grocery Store,123.8388
DRK37,10,Low Fat,0.077046505,Soft Drinks,189.453,Grocery Store,759.012
FDD53,15,Low Fat,0.077427883,Frozen Foods,41.8454,Grocery Store,41.9454
FDQ27,8,Regular,0.077480627,Meat,101.399,Grocery Store,206.398
FDZ10,11,Low Fat,0.077849833,Snack Foods,127.202,Grocery Store,506.008
DRG01,6,Low Fat,0.078576075,Soft Drinks,78.467,Grocery Store,229.701
FDK58,9,Regular,0.078758649,Snack Foods,103.0016,Grocery Store,202.4032
FDO56,9,Regular,0.078758649,Fruits and Vegetables,116.3808,Grocery Store,234.3616
FDC04,7,Low Fat,0.078764059,Dairy,241.3854,Grocery Store,483.3708
FDV45,14,low fat,0.078872251,Snack Foods,189.5556,Grocery Store,1126.5336
FDM28,13,Low Fat,0.079146113,Frozen Foods,181.466,Grocery Store,179.766
FDZ22,10,Low Fat,0.079261744,Snack Foods,81.825,Grocery Store,83.225
DRC25,5,Low Fat,0.079440262,Soft Drinks,86.7882,Grocery Store,85.8882
FDV25,11,Low Fat,0.079931185,Canned,219.7456,Grocery Store,884.1824
FDN34,5,Regular,0.080127283,Snack Foods,168.7132,Grocery Store,338.2264
FDL52,6,Regular,0.080697998,Frozen Foods,39.8506,Grocery Store,37.9506
FDU36,6,Low Fat,0.081014461,Baking Goods,98.8384,Grocery Store,492.692
FDW47,11,Low Fat,0.081197035,Breads,121.7414,Grocery Store,365.5242
FDQ32,15,Regular,0.081605462,Fruits and Vegetables,122.3388,Grocery Store,371.5164
FDL15,5,Low Fat,0.081651443,Meat,152.5682,Grocery Store,152.4682
FDH14,10,Regular,0.081955735,Canned,142.0838,Grocery Store,280.9676
FDY39,14,Regular,0.08234117,Meat,185.7608,Grocery Store,1470.0864
FDS46,6,Regular,0.082741482,Snack Foods,118.7782,Grocery Store,119.1782
NCI06,10,Low Fat,0.083547515,Household,179.166,Grocery Store,359.532
NCL05,14,Low Fat,0.083862625,Health and Hygiene,44.077,Grocery Store,216.385
NCT53,15,Low Fat,0.084245356,Health and Hygiene,164.6526,Grocery Store,657.8104
FDX38,15,Regular,0.084404264,Dairy,49.5376,Grocery Store,143.8128
FDR31,6,Regular,0.086077865,Fruits and Vegetables,143.8102,Grocery Store,291.6204
FDH10,10,Low Fat,0.086326707,Snack Foods,192.6478,Grocery Store,387.4956
FDE08,10,Low Fat,0.086352403,Fruits and Vegetables,149.8734,Grocery Store,445.4202
FDE33,12,Regular,0.086905536,Fruits and Vegetables,78.8644,Grocery Store,314.2576
FDA08,12,Regular,0.087692636,Fruits and Vegetables,162.5526,Grocery Store,328.9052
DRN36,9,Low Fat,0.087854925,Soft Drinks,95.9752,Grocery Store,95.8752
NCM54,9,Low Fat,0.08918772,Household,128.9678,Grocery Store,254.3356
NCF31,13,Low Fat,0.090778148,Household,153.1024,Grocery Store,303.6048
FDZ58,15,Low Fat,0.091354948,Snack Foods,122.3072,Grocery Store,122.5072
NCN41,12,Low Fat,0.091411749,Health and Hygiene,121.373,Grocery Store,369.519
NCG07,10,Low Fat,0.091924311,Household,189.753,Grocery Store,189.753
FDJ22,11,Low Fat,0.09246392,Snack Foods,190.9504,Grocery Store,383.5008
FDR01,6,Regular,0.093883945,Canned,200.4742,Grocery Store,398.1484
FDO08,7,Regular,0.09415375,Fruits and Vegetables,165.7526,Grocery Store,657.8104
DRO59,12,Low Fat,0.094817105,Hard Drinks,77.9012,Grocery Store,75.9012
FDV47,15,Low Fat,0.094910421,Breads,84.5566,Grocery Store,253.6698
FDN57,11,Low Fat,0.094957079,Snack Foods,143.5154,Grocery Store,567.2616
FDC57,13,Regular,0.095587976,Fruits and Vegetables,193.982,Grocery Store,579.246
FDX55,10,Low Fat,0.096658404,Fruits and Vegetables,216.9166,Grocery Store,217.7166
FDS11,8,Regular,0.097275777,Breads,223.9088,Grocery Store,223.7088
NCU18,8,Low Fat,0.097768728,Household,142.4496,Grocery Store,564.5984
NCT41,5,Low Fat,0.098031771,Health and Hygiene,151.3024,Grocery Store,151.8024
FDL13,6,Regular,0.098606543,Breakfast,232.73,Grocery Store,932.12
DRD15,8,Low Fat,0.099442329,Dairy,233.1642,Grocery Store,697.0926
FDW36,7,Low Fat,0.099681705,Baking Goods,107.4622,Grocery Store,317.5866
FDA55,10,Regular,0.099780431,Fruits and Vegetables,225.2088,Grocery Store,447.4176
FDB09,10,Low Fat,0.100493148,Fruits and Vegetables,123.1046,Grocery Store,124.5046
NCZ05,11,Low Fat,0.10178199,Health and Hygiene,104.699,Grocery Store,103.199
FDH27,8,Low Fat,0.102157958,Dairy,145.0128,Grocery Store,143.8128
FDU44,10,Regular,0.102295904,Fruits and Vegetables,162.3552,Grocery Store,487.3656
NCW42,13,Low Fat,0.102371638,Household,221.2456,Grocery Store,663.1368
FDM36,13,Regular,0.102830104,Baking Goods,172.6422,Grocery Store,344.8844
FDF57,9,Regular,0.102999154,Fruits and Vegetables,169.9448,Grocery Store,170.4448
NCI30,7,Low Fat,0.103188491,Household,244.346,Grocery Store,246.346
FDD58,15,Low Fat,0.103918113,Snack Foods,100.67,Grocery Store,399.48
FDV20,5,Regular,0.104704537,Fruits and Vegetables,125.2678,Grocery Store,254.3356
FDU07,5,Low Fat,0.104784329,Fruits and Vegetables,150.4366,Grocery Store,151.1366
NCM05,12,Low Fat,0.104784329,Health and Hygiene,266.0226,Grocery Store,528.6452
FDH48,9,Low Fat,0.105893301,Baking Goods,86.254,Grocery Store,519.324
FDO13,5,Low Fat,0.106907604,Breakfast,162.8526,Grocery Store,493.3578
FDX03,5,Regular,0.106971167,Meat,44.7744,Grocery Store,135.8232
FDN25,14,Regular,0.107110465,Breakfast,55.5588,Grocery Store,229.0352
FDQ14,5,low fat,0.10818157,Dairy,149.605,Grocery Store,449.415
FDI41,15,Regular,0.109003832,Frozen Foods,145.2418,Grocery Store,147.1418
FDY56,9,Regular,0.109274313,Fruits and Vegetables,225.3062,Grocery Store,677.1186
FDB04,14,Regular,0.1107011,Dairy,88.6856,Grocery Store,351.5424
FDU52,14,Low Fat,0.111654545,Frozen Foods,157.063,Grocery Store,312.926
FDH56,10,Regular,0.11173569,Fruits and Vegetables,115.9492,Grocery Store,115.8492
FDW01,9,Low Fat,0.112161697,Canned,154.4682,Grocery Store,152.4682
NCT29,12,Low Fat,0.112249603,Health and Hygiene,123.3414,Grocery Store,243.6828
FDB35,14,Regular,0.113139486,Starchy Foods,92.9804,Grocery Store,183.7608
NCL55,14,Low Fat,0.113212516,Others,254.604,Grocery Store,759.012
FDA49,6,Low Fat,0.113669629,Canned,89.0198,Grocery Store,174.4396
FDN48,6,Low Fat,0.113720344,Baking Goods,89.9804,Grocery Store,643.1628
FDA14,11,Low Fat,0.114127418,Dairy,147.176,Grocery Store,585.904
FDX09,11,Low Fat,0.114243048,Snack Foods,174.937,Grocery Store,176.437
FDT32,11,Regular,0.114916546,Fruits and Vegetables,188.4214,Grocery Store,565.2642
NCV06,10,Low Fat,0.116750407,Household,195.2478,Grocery Store,193.7478
FDV10,6,Regular,0.116793684,Snack Foods,41.0112,Grocery Store,42.6112
FDF52,8,Low Fat,0.116928924,Frozen Foods,183.3292,Grocery Store,364.8584
FDZ45,9,Low Fat,0.117091213,Snack Foods,197.9084,Grocery Store,992.042
FDL57,11,Regular,0.117442838,Snack Foods,257.7304,Grocery Store,774.9912
NCM30,12,Low Fat,0.117825569,Household,43.2796,Grocery Store,41.2796
FDQ11,9,Regular,0.118535581,Breads,256.3988,Grocery Store,256.9988
FDP49,12,Regular,0.120965853,Breakfast,55.8614,Grocery Store,110.5228
FDP11,14,Low Fat,0.120986139,Breads,216.1166,Grocery Store,435.4332
FDP39,7,Low Fat,0.121554149,Meat,53.7324,Grocery Store,311.5944
NCS29,7,Low Fat,0.121765124,Health and Hygiene,264.1884,Grocery Store,264.9884
FDD39,14,Low Fat,0.122832172,Dairy,217.685,Grocery Store,432.77
FDM56,7,Low Fat,0.122896411,Fruits and Vegetables,111.1912,Grocery Store,218.3824
FDW46,15,Regular,0.123089128,Snack Foods,63.6484,Grocery Store,65.2484
NCH43,15,Low Fat,0.123557061,Household,216.6192,Grocery Store,215.7192
NCR30,10,Low Fat,0.124299531,Household,73.4696,Grocery Store,298.2784
DRF49,13,Low Fat,0.124448295,Soft Drinks,112.0518,Grocery Store,113.8518
DRK35,10,Low Fat,0.125793938,Hard Drinks,36.2506,Grocery Store,37.9506
FDD26,10,Regular,0.1263349,Canned,184.0924,Grocery Store,555.2772
FDO28,9,Low Fat,0.126585095,Frozen Foods,122.4098,Grocery Store,120.5098
FDN01,8,Low Fat,0.126760908,Breakfast,176.937,Grocery Store,352.874
NCH54,8,Low Fat,0.127234249,Household,158.392,Grocery Store,159.792
FDC10,10,Regular,0.127599399,Snack Foods,118.9098,Grocery Store,120.5098
FDI04,14,Regular,0.127660257,Frozen Foods,198.5426,Grocery Store,790.9704
NCO17,15,Low Fat,0.128478462,Health and Hygiene,117.944,Grocery Store,239.688
FDJ45,8,Low Fat,0.128532558,Seafood,34.2216,Grocery Store,173.108
FDQ24,10,Low Fat,0.12898088,Baking Goods,250.4724,Grocery Store,251.6724
FDA26,7,Regular,0.129425145,Dairy,219.3482,Grocery Store,219.0482
FDX56,15,Regular,0.129668578,Fruits and Vegetables,206.8638,Grocery Store,207.0638
NCG43,12,Low Fat,0.129983688,Household,93.0462,Grocery Store,185.0924
NCU06,15,Low Fat,0.13027716,Household,228.001,Grocery Store,1148.505
FDP46,11,Low Fat,0.13064231,Snack Foods,88.383,Grocery Store,89.883
FDX14,11,Low Fat,0.13121032,Dairy,74.0354,Grocery Store,75.2354
FDT60,7,Low Fat,0.132275338,Baking Goods,123.8388,Grocery Store,123.8388
FDW50,12,Low Fat,0.132327406,Dairy,168.4158,Grocery Store,334.2316
FDU12,8,Regular,0.132630345,Baking Goods,263.8568,Grocery Store,790.9704
FDZ48,6,low fat,0.132995494,Baking Goods,113.5544,Grocery Store,223.7088
FDR52,11,Regular,0.133144259,Frozen Foods,190.8846,Grocery Store,191.0846
FDL36,6,Low Fat,0.133198355,Baking Goods,91.083,Grocery Store,89.883
FDY03,6,Regular,0.133279499,Meat,112.6202,Grocery Store,675.1212
FDV26,14,Regular,0.133347119,Dairy,193.0794,Grocery Store,975.397
FDU21,15,Regular,0.134327613,Snack Foods,35.0558,Grocery Store,33.9558
FDN21,7,Low Fat,0.134564284,Snack Foods,159.8236,Grocery Store,322.2472
DRL01,5,Regular,0.13511877,Soft Drinks,232.9958,Grocery Store,934.7832
NCY29,14,Low Fat,0.135226962,Health and Hygiene,56.293,Grocery Store,113.186
FDT07,9,Regular,0.135375727,Fruits and Vegetables,256.133,Grocery Store,256.333
NCK05,10,Low Fat,0.135612397,Health and Hygiene,61.1536,Grocery Store,61.2536
FDR07,7,Low Fat,0.136119549,Fruits and Vegetables,94.1094,Grocery Store,190.4188
FDO36,6,Low Fat,0.136417078,Baking Goods,179.766,Grocery Store,179.766
FDQ03,6,Regular,0.136592891,Meat,238.0248,Grocery Store,711.0744
FDA13,13,Low Fat,0.137539574,Canned,38.8506,Grocery Store,37.9506
FDI24,14,Low Fat,0.137870237,Baking Goods,175.037,Grocery Store,352.874
DRD25,9,Low Fat,0.138269873,Soft Drinks,111.686,Grocery Store,452.744
FDS03,9,Low Fat,0.139419417,Meat,66.0826,Grocery Store,258.3304
FDX35,13,Regular,0.139913045,Breads,227.9036,Grocery Store,455.4072
NCT30,15,Low Fat,0.140582485,Household,47.1718,Grocery Store,141.8154
FDH60,5,Regular,0.141360118,Baking Goods,197.311,Grocery Store,392.822
FDS09,7,Regular,0.141975462,Snack Foods,49.6008,Grocery Store,50.6008
FDS55,9,Low Fat,0.142107998,Fruits and Vegetables,150.3734,Grocery Store,296.9468
NCI31,14,Low Fat,0.142393355,Others,36.419,Grocery Store,109.857
FDR23,15,Low Fat,0.143199389,Breads,175.837,Grocery Store,352.874
FDH41,13,LF,0.143591586,Frozen Foods,213.5534,Grocery Store,430.1068
FDW23,14,Low Fat,0.143592939,Baking Goods,37.3164,Grocery Store,38.6164
FDU38,10,LF,0.144534212,Dairy,190.6504,Grocery Store,575.2512
FDW49,10,Low Fat,0.14453827,Canned,180.6002,Grocery Store,895.501
FDV16,10,Regular,0.145200948,Frozen Foods,35.4558,Grocery Store,135.8232
FDB05,14,Low Fat,0.145669556,Frozen Foods,247.2776,Grocery Store,743.0328
NCZ54,8,Low Fat,0.145951533,Household,160.9552,Grocery Store,162.4552
FDQ04,13,Low Fat,0.148392623,Frozen Foods,41.5796,Grocery Store,41.2796
FDV01,8,Regular,0.148737487,Canned,155.1314,Grocery Store,155.1314
FDH12,14,Low Fat,0.148742896,Baking Goods,107.128,Grocery Store,319.584
FDX21,10,Low Fat,0.148764535,Snack Foods,111.1912,Grocery Store,109.1912
FDP51,11,Regular,0.149305497,Meat,119.6124,Grocery Store,592.562
FDR32,15,Regular,0.150238656,Fruits and Vegetables,229.3694,Grocery Store,228.3694
FDY40,11,Regular,0.15028599,Frozen Foods,51.0692,Grocery Store,147.8076
FDF16,10,Low Fat,0.150806666,Frozen Foods,149.0076,Grocery Store,295.6152
FDA50,13,Low Fat,0.152632413,Dairy,98.441,Grocery Store,96.541
FDY02,15,Regular,0.153456703,Dairy,264.091,Grocery Store,262.991
FDX26,10,Low Fat,0.153741385,Dairy,182.6292,Grocery Store,182.4292
FDV32,13,Low Fat,0.155316936,Fruits and Vegetables,64.151,Grocery Store,316.255
NCX29,15,Low Fat,0.156094569,Health and Hygiene,144.3102,Grocery Store,145.8102
FDP33,9,Low Fat,0.156304192,Snack Foods,256.3672,Grocery Store,255.6672
NCS53,13,Low Fat,0.157190017,Health and Hygiene,156.8604,Grocery Store,316.9208
FDG16,8,Low Fat,0.157257637,Frozen Foods,215.0192,Grocery Store,1078.596
FDD04,7,Low Fat,0.157528118,Dairy,142.9154,Grocery Store,141.8154
NCB19,15,Low Fat,0.158096128,Household,86.3882,Grocery Store,85.8882
NCR54,10,Low Fat,0.158562708,Household,194.711,Grocery Store,196.411
DRP35,12,Low Fat,0.159096908,Hard Drinks,129.3336,Grocery Store,127.8336
NCO55,14,Low Fat,0.159394437,Others,105.6938,Grocery Store,214.3876
NCE06,13,Low Fat,0.160178832,Household,160.2894,Grocery Store,323.5788
FDK09,8,Low Fat,0.160665697,Snack Foods,227.5352,Grocery Store,916.1408
NCN14,13,Low Fat,0.160936178,Others,184.2608,Grocery Store,367.5216
FDN38,11,Regular,0.161030847,Canned,251.2408,Grocery Store,1001.3632
FDY16,15,reg,0.16147714,Frozen Foods,186.2266,Grocery Store,1106.5596
NCH07,8,Low Fat,0.162248011,Household,160.4604,Grocery Store,316.9208
NCE19,9,Low Fat,0.162856593,Household,54.5956,Grocery Store,218.3824
FDU22,14,Low Fat,0.163350221,Snack Foods,120.2124,Grocery Store,474.0496
FDF46,13,Low Fat,0.164006137,Snack Foods,113.2834,Grocery Store,575.917
FDZ07,6,Regular,0.164391573,Fruits and Vegetables,62.8194,Grocery Store,61.9194
FDU28,5,Regular,0.164438907,Frozen Foods,188.4214,Grocery Store,376.8428
NCZ06,15,Low Fat,0.164864915,Household,255.2698,Grocery Store,761.0094
DRE37,15,Low Fat,0.164966345,Soft Drinks,189.4872,Grocery Store,189.0872
FDW32,12,Regular,0.165101585,Fruits and Vegetables,87.7882,Grocery Store,515.3292
FDN60,8,Low Fat,0.166609517,Baking Goods,157.6604,Grocery Store,316.9208
FDT40,11,Low Fat,0.167725251,Frozen Foods,128.3678,Grocery Store,127.1678
FDI22,12,Low Fat,0.168455549,Snack Foods,211.0612,Grocery Store,418.1224
DRM37,15,LF,0.168780127,Soft Drinks,197.8768,Grocery Store,197.0768
FDE51,15,Regular,0.168901843,Dairy,43.4086,Grocery Store,44.6086
NCX05,6,Low Fat,0.169943195,Health and Hygiene,116.2492,Grocery Store,115.8492
FDY33,7,Regular,0.170186628,Snack Foods,159.0262,Grocery Store,159.1262
DRH51,11,Low Fat,0.170213676,Dairy,89.5856,Grocery Store,175.7712
FDB41,15,Regular,0.170382726,Frozen Foods,45.2718,Grocery Store,47.2718
FDW13,5,Low Fat,0.171383506,Canned,50.5324,Grocery Store,207.7296
DRH01,7,Low Fat,0.171417316,Soft Drinks,173.0738,Grocery Store,347.5476
FDK15,11,Low Fat,0.172309903,Meat,98.2042,Grocery Store,198.4084
FDX40,11,Low Fat,0.173324207,Frozen Foods,39.9164,Grocery Store,38.6164
FDC32,9,Low Fat,0.173527068,Fruits and Vegetables,92.0462,Grocery Store,277.6386
NCE30,15,Low Fat,0.173574402,Household,214.0902,Grocery Store,1061.951
FDE40,12,Regular,0.173587926,Dairy,60.0194,Grocery Store,123.8388
FDX32,7,Regular,0.1748389,Fruits and Vegetables,142.8786,Grocery Store,433.4358
FDK24,6,Low Fat,0.177354373,Baking Goods,46.6744,Grocery Store,135.8232
FDV38,13,Low Fat,0.178192864,Dairy,54.9956,Grocery Store,109.1912
FDG44,6,Low Fat,0.178923163,Fruits and Vegetables,55.7298,Grocery Store,161.7894
FDU02,12,Low Fat,0.179484411,Dairy,228.9352,Grocery Store,916.1408
FDS57,13,Low Fat,0.181114059,Snack Foods,141.647,Grocery Store,429.441
FDZ59,13,Regular,0.182128363,Baking Goods,165.65,Grocery Store,665.8
FDL02,7,Regular,0.182236555,Canned,107.1622,Grocery Store,211.7244
NCQ29,15,Low Fat,0.182493512,Health and Hygiene,258.8278,Grocery Store,1041.3112
FDX45,5,Low Fat,0.18358896,Snack Foods,154.663,Grocery Store,312.926
DRG27,8,Low Fat,0.184035253,Dairy,42.2138,Grocery Store,40.6138
FDJ58,9,Regular,0.184359831,Snack Foods,172.6764,Grocery Store,858.882
FDH45,5,Regular,0.185008985,Fruits and Vegetables,42.3796,Grocery Store,123.8388
FDV23,13,Low Fat,0.185306514,Breads,125.6046,Grocery Store,622.523
FDN56,11,Regular,0.187443314,Fruits and Vegetables,145.8786,Grocery Store,288.9572
FDW26,15,Regular,0.187443314,Dairy,220.4772,Grocery Store,444.7544
FDZ33,8,Low Fat,0.188038372,Snack Foods,146.4076,Grocery Store,147.8076
FDO57,9,Low Fat,0.19033746,Snack Foods,159.4578,Grocery Store,160.4578
DRY23,7,Regular,0.191013663,Soft Drinks,42.1112,Grocery Store,42.6112
FDQ60,7,Regular,0.191500528,Baking Goods,121.2098,Grocery Store,120.5098
DRH15,9,Low Fat,0.19244045,Dairy,43.9428,Grocery Store,131.8284
FDH28,5,reg,0.192650072,Frozen Foods,37.4506,Grocery Store,37.9506
FDJ08,10,Low Fat,0.193772568,Fruits and Vegetables,190.3846,Grocery Store,573.2538
NCQ43,9,Low Fat,0.194874778,Others,110.2912,Grocery Store,218.3824
FDK02,13,Low Fat,0.196490902,Canned,120.544,Grocery Store,479.376
NCG30,6,Low Fat,0.196659953,Household,125.8046,Grocery Store,249.0092
FDN24,8,Low Fat,0.198316649,Baking Goods,54.3956,Grocery Store,272.978
DRJ24,11,Low Fat,0.198424841,Soft Drinks,185.2924,Grocery Store,370.1848
NCR38,8,Low Fat,0.19875618,Household,250.7724,Grocery Store,251.6724
FDC60,8,Regular,0.2004264,Baking Goods,88.8514,Grocery Store,265.6542
FDC41,8,Low Fat,0.2047,Frozen Foods,76.867,Grocery Store,229.701
FDV60,7,Regular,0.205484395,Baking Goods,198.011,Grocery Store,392.822
NCB31,6,Low Fat,0.207783483,Household,262.291,Grocery Store,525.982
FDC47,13,Low Fat,0.208162156,Snack Foods,228.1694,Grocery Store,228.3694
FDY38,7,Regular,0.208662546,Dairy,231.83,Grocery Store,466.06
FDZ60,5,Low Fat,0.208987123,Baking Goods,106.0596,Grocery Store,215.7192
FDP27,11,Low Fat,0.20914265,Meat,190.953,Grocery Store,379.506
FDF56,14,Regular,0.209162936,Fruits and Vegetables,179.1976,Grocery Store,543.2928
FDD51,7,low fat,0.210021713,Dairy,44.2744,Grocery Store,90.5488
NCL31,6,Low Fat,0.210596485,Others,144.747,Grocery Store,143.147
FDE02,10,Low Fat,0.212293753,Canned,92.2778,Grocery Store,469.389
FDL12,10,Regular,0.212963193,Baking Goods,59.522,Grocery Store,299.61
FDH33,10,LF,0.213125482,Snack Foods,44.9428,Grocery Store,175.7712
FDK08,5,Regular,0.214139786,Fruits and Vegetables,102.4016,Grocery Store,202.4032
FDL32,9,Regular,0.214423791,Fruits and Vegetables,111.6544,Grocery Store,335.5632
FDS33,5,Regular,0.216107535,Snack Foods,86.8514,Grocery Store,354.2056
FDS13,15,Low Fat,0.21799414,Canned,266.5884,Grocery Store,1324.942
FDL56,11,Low Fat,0.220225608,Fruits and Vegetables,85.6198,Grocery Store,87.2198
DRA59,10,Regular,0.223985293,Soft Drinks,186.2924,Grocery Store,555.2772
FDL09,13,Regular,0.22417463,Snack Foods,168.8816,Grocery Store,167.7816
FDX36,11,Regular,0.224607399,Baking Goods,223.1404,Grocery Store,450.0808
FDL20,7,Low Fat,0.224837308,Fruits and Vegetables,112.7886,Grocery Store,222.3772
FDY32,8,Low Fat,0.226284381,Fruits and Vegetables,163.221,Grocery Store,326.242
FDE28,6,Regular,0.232072674,Frozen Foods,229.4668,Grocery Store,460.7336
FDP13,11,Regular,0.235183205,Canned,41.548,Grocery Store,79.896
FDU33,9,Regular,0.235859408,Snack Foods,46.1402,Grocery Store,45.9402
FDE11,14,Regular,0.23653561,Starchy Foods,184.1924,Grocery Store,185.0924
FDP58,6,Low Fat,0.236616754,Snack Foods,217.6482,Grocery Store,219.0482
FDC45,15,Low Fat,0.237651344,Fruits and Vegetables,170.2106,Grocery Store,171.1106
FDP34,10,Low Fat,0.240268248,Snack Foods,156.463,Grocery Store,312.926
FDR46,9,Low Fat,0.244102315,Snack Foods,148.076,Grocery Store,146.476
FDP26,8,Low Fat,0.244338986,Dairy,105.9306,Grocery Store,209.0612
FDU24,11,Regular,0.245407386,Baking Goods,92.812,Grocery Store,93.212
FDG33,12,Regular,0.245542627,Seafood,172.2764,Grocery Store,171.7764
FDS23,11,Low Fat,0.246678647,Breads,129.7994,Grocery Store,385.4982
FDD46,14,Low Fat,0.247321039,Snack Foods,152.3998,Grocery Store,153.7998
FDI15,14,Low Fat,0.24749009,Dairy,263.1884,Grocery Store,529.9768
FDA10,15,LF,0.248301532,Snack Foods,124.1072,Grocery Store,245.0144
FDP37,7,Low Fat,0.250560049,Breakfast,126.9994,Grocery Store,385.4982
NCR53,11,Low Fat,0.253947823,Health and Hygiene,223.8404,Grocery Store,675.1212
FDS02,13,Regular,0.255394896,Dairy,196.8794,Grocery Store,780.3176
FDV15,11,Low Fat,0.255929096,Meat,103.3648,Grocery Store,311.5944
FDG21,9,Regular,0.256152243,Seafood,151.005,Grocery Store,149.805
FDO23,15,Low Fat,0.25637539,Breads,94.8436,Grocery Store,567.2616
FDW27,11,Regular,0.264124669,Meat,155.7314,Grocery Store,155.1314
FDN13,7,Low Fat,0.266234421,Breakfast,98.5358,Grocery Store,402.1432
FDY28,7,Regular,0.26639671,Frozen Foods,215.6218,Grocery Store,641.1654
FDS44,11,Regular,0.27321283,Fruits and Vegetables,240.9538,Grocery Store,480.7076
FDK25,7,Regular,0.274592283,Breakfast,167.8474,Grocery Store,336.8948
FDM27,9,Regular,0.277459381,Meat,156.3946,Grocery Store,473.3838
FDE56,6,Regular,0.278730642,Fruits and Vegetables,63.2194,Grocery Store,247.6776
DRE60,14,low fat,0.278974075,Soft Drinks,225.372,Grocery Store,679.116
FDZ16,10,Regular,0.279886948,Frozen Foods,193.1478,Grocery Store,387.4956
FDQ34,6,LF,0.284065879,Snack Foods,105.5622,Grocery Store,211.7244
FDG08,8,Regular,0.289522833,Fruits and Vegetables,172.0764,Grocery Store,171.7764
NCF42,13,Low Fat,0.293066133,Household,177.0712,Grocery Store,351.5424
NCL18,5,Low Fat,0.293417759,Household,194.6136,Grocery Store,583.2408
FDL16,6,Low Fat,0.294939214,Frozen Foods,47.106,Grocery Store,139.818
FDD14,11,LF,0.297312685,Canned,185.4266,Grocery Store,368.8532
DRH23,15,Low Fat,0.298205272,Hard Drinks,55.7614,Grocery Store,110.5228
FDY15,10,Regular,0.299097859,Dairy,157.863,Grocery Store,469.389
FDC34,13,Regular,0.302478871,Snack Foods,155.4972,Grocery Store,311.5944
FDY21,15,LF,0.30374337,Snack Foods,196.011,Grocery Store,589.233
FDR14,9,Low Fat,0.304737387,Dairy,54.7298,Grocery Store,107.8596
FDS12,10,LF,0.304859104,Baking Goods,125.4362,Grocery Store,755.0172
FDI32,8,Low Fat,0.305305397,Fruits and Vegetables,116.6834,Grocery Store,460.7336
DRF01,10,Low Fat,0.306542848,Soft Drinks,147.3102,Grocery Store,291.6204
FDG32,12,Low Fat,0.308145448,Fruits and Vegetables,222.0772,Grocery Store,889.5088
FDJ56,14,Low Fat,0.32111501,Fruits and Vegetables,100.77,Grocery Store,199.74
NCZ18,14,Low Fat,0.325780807,Household,252.7698,Grocery Store,761.0094
FDU13,13,low fat,0.328390948,Canned,146.0418,Grocery Store,588.5672
